           YEAR,           JDAY,        QOMEAS1,         QOSIM1,        QOMEAS2,         QOSIM2,        QOMEAS3,         QOSIM3,        QOMEAS4,         QOSIM4,        QOMEAS5,         QOSIM5,        QOMEAS6,         QOSIM6,        QOMEAS7,         QOSIM7,        QOMEAS8,         QOSIM8,        QOMEAS9,         QOSIM9,       QOMEAS10,        QOSIM10,       QOMEAS11,        QOSIM11,       QOMEAS12,        QOSIM12,       QOMEAS13,        QOSIM13,       QOMEAS14,        QOSIM14,       QOMEAS15,        QOSIM15,       QOMEAS16,        QOSIM16,       QOMEAS17,        QOSIM17,       QOMEAS18,        QOSIM18,       QOMEAS19,        QOSIM19,       QOMEAS20,        QOSIM20,       QOMEAS21,        QOSIM21,       QOMEAS22,        QOSIM22,       QOMEAS23,        QOSIM23,       QOMEAS24,        QOSIM24,       QOMEAS25,        QOSIM25,       QOMEAS26,        QOSIM26,       QOMEAS27,        QOSIM27,       QOMEAS28,        QOSIM28,       QOMEAS29,        QOSIM29,       QOMEAS30,        QOSIM30,       QOMEAS31,        QOSIM31,       QOMEAS32,        QOSIM32,       QOMEAS33,        QOSIM33,       QOMEAS34,        QOSIM34,       QOMEAS35,        QOSIM35,       QOMEAS36,        QOSIM36,       QOMEAS37,        QOSIM37,       QOMEAS38,        QOSIM38,       QOMEAS39,        QOSIM39,       QOMEAS40,        QOSIM40,       QOMEAS41,        QOSIM41,       QOMEAS42,        QOSIM42,       QOMEAS43,        QOSIM43,       QOMEAS44,        QOSIM44,       QOMEAS45,        QOSIM45,       QOMEAS46,        QOSIM46,       QOMEAS47,        QOSIM47,       QOMEAS48,        QOSIM48,       QOMEAS49,        QOSIM49,       QOMEAS50,        QOSIM50,       QOMEAS51,        QOSIM51,       QOMEAS52,        QOSIM52,       QOMEAS53,        QOSIM53,       QOMEAS54,        QOSIM54,       QOMEAS55,        QOSIM55,       QOMEAS56,        QOSIM56,       QOMEAS57,        QOSIM57,       QOMEAS58,        QOSIM58,       QOMEAS59,        QOSIM59,       QOMEAS60,        QOSIM60,       QOMEAS61,        QOSIM61,       QOMEAS62,        QOSIM62,       QOMEAS63,        QOSIM63,       QOMEAS64,        QOSIM64,       QOMEAS65,        QOSIM65,       QOMEAS66,        QOSIM66,       QOMEAS67,        QOSIM67,       QOMEAS68,        QOSIM68,       QOMEAS69,        QOSIM69,       QOMEAS70,        QOSIM70,       QOMEAS71,        QOSIM71,       QOMEAS72,        QOSIM72,       QOMEAS73,        QOSIM73,       QOMEAS74,        QOSIM74,       QOMEAS75,        QOSIM75,       QOMEAS76,        QOSIM76,       QOMEAS77,        QOSIM77,       QOMEAS78,        QOSIM78,       QOMEAS79,        QOSIM79,       QOMEAS80,        QOSIM80,       QOMEAS81,        QOSIM81,       QOMEAS82,        QOSIM82,       QOMEAS83,        QOSIM83,       QOMEAS84,        QOSIM84,       QOMEAS85,        QOSIM85,       QOMEAS86,        QOSIM86,       QOMEAS87,        QOSIM87,       QOMEAS88,        QOSIM88,       QOMEAS89,        QOSIM89,       QOMEAS90,        QOSIM90,       QOMEAS91,        QOSIM91,
           2000,            245,   44.60000    ,   44.60862    ,   11.60000    ,   13.53506    ,   15.60000    ,   16.47995    ,   1.600000    ,   2.179608    ,   63.90000    ,   61.09037    ,   255.0000    ,   279.8103    ,   4.700000    ,   1.212940    ,   172.0000    ,   206.5444    ,  0.9000000    ,  0.4661463    ,   19.60000    ,   21.32258    ,   541.0000    ,   619.3649    ,   243.0000    ,   198.8367    ,   42.40000    ,   40.88369    ,   10.60000    ,   2.628113    ,   54.10000    ,   15.27602    ,   912.0000    ,   862.8094    ,   232.0000    ,   155.4461    ,   8.400000    ,   7.640166    ,   26.00000    ,   19.79852    ,   89.30000    ,   61.45920    ,   146.0000    ,   94.72817    ,   315.0000    ,   229.0435    ,   17.10000    ,   37.37441    ,   1.100000    ,  0.6132843    ,   2.100000    ,   9.342220    ,  -1.000000    ,   8.519361    ,   2.200000    ,   1.894016    ,   25.30000    ,   23.36004    ,   194.0000    ,   186.8833    ,  0.6000000    ,  0.3230864    ,   5.300000    ,   15.64762    ,   7.200000    ,   21.92094    ,   184.0000    ,   168.7643    ,   356.0000    ,   337.4791    ,   3.700000    ,   21.76441    ,   1.000000    ,  0.4417401    ,   51.10000    ,   50.53469    ,   25.70000    ,   52.83355    ,   20.20000    ,   44.31269    ,   1.000000    ,  0.8497637    ,  0.8000000    ,  0.5904462    ,   79.50000    ,   90.27994    ,   1.300000    ,   1.434804    ,   1.800000    ,   2.116796    ,   27.00000    ,   38.06308    ,   25.40000    ,   32.01367    ,   313.0000    ,   379.7788    ,  0.7000000    ,  0.5336819    ,   5.700000    ,   5.574275    ,  0.9000000    ,  0.4201840    ,  -1.000000    ,   206.4872    ,   1.200000    ,  0.8076347    ,   707.0000    ,   643.6002    ,   6.900000    ,   8.142670    ,   4.300000    ,   4.625431    ,   1.400000    ,   1.822158    ,  -1.000000    ,   1.224027    ,  0.9000000    ,  0.8512218    ,   1.400000    ,  0.9427324    ,   1.800000    ,   1.287168    ,   2.800000    ,   2.714066    ,  0.7000000    ,   1.152887    ,   146.0000    ,   147.2827    ,   76.60000    ,   74.66341    ,   77.00000    ,   79.28846    ,   159.0000    ,   178.3279    ,   5.500000    ,   13.69809    ,   2.500000    ,   7.319828    ,   1530.000    ,   1494.891    ,  0.8000000    ,  0.7273658    ,   1.800000    ,   182.0965    ,   15.70000    ,   19.25858    ,   4.900000    ,   2.139837    ,   11.30000    ,   28.61843    ,   44.60000    ,   45.50247    ,   2980.000    ,   2912.755    ,  -1.000000    ,   2289.506    ,   2030.000    ,   2120.053    ,   26.50000    ,   75.21658    ,   12.80000    ,   6.124950    ,   8.900000    ,   13.99658    ,   141.0000    ,   132.5173    ,   392.0000    ,   431.0045    ,   31.50000    ,   26.53515    ,   11.00000    ,   3.347922    ,   17.90000    ,   6.700212    ,   2.400000    ,   5.420198    ,   2.900000    ,   3.826905    ,  -1.000000    ,   507.7738    ,  -1.000000    ,   233.7006    ,   25.50000    ,   46.30138    ,
           2000,            246,   42.70000    ,   44.45532    ,   11.40000    ,   14.07765    ,   15.50000    ,   19.73378    ,   1.600000    ,   2.475422    ,   62.70000    ,   62.28897    ,   253.0000    ,   283.4345    ,   4.800000    ,  0.5091597    ,   170.0000    ,   209.0384    ,  0.9000000    ,  0.1360021    ,   19.40000    ,   18.55112    ,   598.0000    ,   564.9225    ,   230.0000    ,   203.1379    ,   44.10000    ,   28.02175    ,   11.20000    ,   1.512255    ,   53.40000    ,   6.015051    ,   941.0000    ,   879.8679    ,   217.0000    ,   123.4012    ,   8.600000    ,   6.336649    ,   29.50000    ,   87.54391    ,   95.70000    ,   91.89416    ,   145.0000    ,   156.0001    ,   323.0000    ,   256.8227    ,   17.50000    ,   161.7851    ,   1.400000    ,   2.569037    ,   2.200000    ,   54.03851    ,  -1.000000    ,   75.82195    ,   2.200000    ,   1.447618    ,   25.40000    ,   18.29574    ,   194.0000    ,   270.8949    ,  0.6000000    ,  0.2012479    ,   5.400000    ,   88.29696    ,   8.600000    ,   71.45205    ,   193.0000    ,   422.5281    ,   363.0000    ,   579.4661    ,   3.800000    ,   97.03043    ,   1.100000    ,  0.2258962    ,   50.20000    ,   220.2424    ,   25.80000    ,   231.9525    ,   20.20000    ,   171.2676    ,   1.200000    ,  0.5452752    ,   1.100000    ,  0.3584049    ,   78.10000    ,   94.88151    ,   1.300000    ,   1.204305    ,   2.000000    ,   8.407256    ,   27.70000    ,   148.0465    ,   27.20000    ,   110.6846    ,   308.0000    ,   380.8960    ,  0.9000000    ,  0.6431434    ,   5.900000    ,   4.109652    ,   1.200000    ,  0.1151697    ,  -1.000000    ,   542.2354    ,   1.100000    ,  0.3690321    ,   695.0000    ,   660.6977    ,   6.900000    ,   10.58398    ,   4.600000    ,   4.193651    ,   1.300000    ,   5.823866    ,  -1.000000    ,   1.703134    ,  0.8000000    ,  0.6169658    ,   1.300000    ,   2.081280    ,   1.800000    ,  0.8077397    ,   2.800000    ,   1.905096    ,  0.7000000    ,  0.9875417    ,   140.0000    ,   185.1010    ,   74.30000    ,   74.90250    ,   76.00000    ,   121.6608    ,   153.0000    ,   260.6994    ,   5.400000    ,   72.69624    ,   2.300000    ,   29.23436    ,   1500.000    ,   1529.570    ,  0.8000000    ,  0.5616874    ,   1.700000    ,   403.8913    ,   15.80000    ,   35.38918    ,   4.600000    ,  0.8794348    ,   9.600000    ,   75.74076    ,   36.20000    ,   106.8758    ,   2850.000    ,   3675.760    ,  -1.000000    ,   3532.934    ,   1940.000    ,   2211.893    ,   21.60000    ,   233.0776    ,   9.900000    ,   16.48460    ,   8.400000    ,   37.24018    ,   114.0000    ,   182.4683    ,   388.0000    ,   433.1488    ,   29.20000    ,   34.03325    ,   10.70000    ,   5.126344    ,   17.00000    ,   11.23759    ,   2.300000    ,   16.69675    ,   2.900000    ,   17.84396    ,  -1.000000    ,   2054.390    ,  -1.000000    ,   517.8818    ,   20.00000    ,   123.7120    ,
           2000,            247,   40.90000    ,   44.12418    ,   11.20000    ,   13.93713    ,   15.40000    ,   19.76401    ,   1.500000    ,   3.425806    ,   62.40000    ,   65.00988    ,   250.0000    ,   253.4058    ,   4.600000    ,  0.5175993    ,   165.0000    ,   203.8027    ,  0.9000000    ,  0.9344085E-01,   17.60000    ,   26.02802    ,   590.0000    ,   543.2667    ,   242.0000    ,   274.6540    ,   50.50000    ,   32.35552    ,   11.80000    ,   1.592598    ,   62.90000    ,   9.860785    ,   988.0000    ,   1018.871    ,   259.0000    ,   124.7455    ,   9.100000    ,   4.979053    ,   31.30000    ,   242.4456    ,   92.10000    ,   248.6241    ,   142.0000    ,   262.7527    ,   315.0000    ,   464.1144    ,   14.50000    ,   224.5236    ,   1.500000    ,   7.386340    ,   2.200000    ,   96.67425    ,  -1.000000    ,   182.5510    ,   2.200000    ,   1.563185    ,   25.40000    ,   14.67391    ,   190.0000    ,   469.8991    ,  0.5000000    ,  0.1689244    ,   5.300000    ,   157.4493    ,   8.500000    ,   72.24861    ,   198.0000    ,   601.6304    ,   368.0000    ,   1065.229    ,   3.700000    ,   133.1268    ,   1.100000    ,  0.1695002    ,   51.30000    ,   377.7540    ,   30.50000    ,   355.3003    ,   20.50000    ,   261.1684    ,   2.300000    ,   2.346513    ,   2.300000    ,   2.176486    ,   76.80000    ,   107.0491    ,   1.200000    ,   1.542169    ,   2.000000    ,   19.60677    ,   29.90000    ,   220.5108    ,   27.70000    ,   173.6000    ,   301.0000    ,   398.0233    ,  0.8000000    ,   1.500978    ,   6.000000    ,   3.043513    ,   1.100000    ,  0.6299954E-01,  -1.000000    ,   1041.314    ,   1.100000    ,  0.2251596    ,   690.0000    ,   634.6132    ,   7.300000    ,   20.77031    ,   4.800000    ,   7.262210    ,   1.400000    ,   15.86279    ,  -1.000000    ,   5.291476    ,  0.8000000    ,  0.4990704    ,   1.400000    ,   6.268543    ,   2.000000    ,   1.888663    ,   2.800000    ,   2.363205    ,  0.7000000    ,  0.8149583    ,   134.0000    ,   244.4233    ,   72.70000    ,   75.88190    ,   75.00000    ,   169.1515    ,   147.0000    ,   358.8593    ,   4.800000    ,   109.1352    ,   2.100000    ,   36.26841    ,   1520.000    ,   1793.358    ,  0.7000000    ,  0.4322765    ,   1.900000    ,   322.5774    ,   15.70000    ,   64.82095    ,   4.500000    ,   1.016633    ,   8.800000    ,   74.78393    ,   33.30000    ,   137.4698    ,   2760.000    ,   3924.903    ,  -1.000000    ,   3937.123    ,   1910.000    ,   2294.596    ,   21.20000    ,   225.7247    ,   9.800000    ,   41.84074    ,   8.000000    ,   66.40807    ,   104.0000    ,   280.6779    ,   377.0000    ,   442.5853    ,   28.20000    ,   47.10870    ,   10.30000    ,   10.48488    ,   16.40000    ,   25.28823    ,   2.300000    ,   17.10709    ,   2.900000    ,   22.66724    ,  -1.000000    ,   2799.011    ,  -1.000000    ,   1739.686    ,   16.80000    ,   113.7115    ,
           2000,            248,   39.90000    ,   43.58297    ,   11.00000    ,   13.79997    ,   15.10000    ,   19.49046    ,   1.500000    ,   4.558372    ,   61.60000    ,   64.72893    ,   246.0000    ,   228.9608    ,   4.100000    ,  0.5185874    ,   161.0000    ,   198.9780    ,  0.9000000    ,  0.9855944E-01,   16.30000    ,   32.17253    ,   593.0000    ,   583.3179    ,   232.0000    ,   338.1009    ,   51.40000    ,   46.75314    ,   7.600000    ,   2.113266    ,   56.40000    ,   17.93345    ,   1020.000    ,   1075.574    ,   231.0000    ,   133.4151    ,   9.600000    ,   3.778564    ,   30.10000    ,   320.0006    ,   84.70000    ,   322.8251    ,   141.0000    ,   384.5935    ,   307.0000    ,   710.5580    ,   13.30000    ,   207.1912    ,   1.500000    ,   9.935216    ,   2.200000    ,   105.0574    ,  -1.000000    ,   298.3074    ,   2.200000    ,   2.428732    ,   25.20000    ,   14.69931    ,   186.0000    ,   574.1064    ,  0.5000000    ,  0.1780012    ,   5.300000    ,   180.7488    ,   7.900000    ,   62.08911    ,   140.0000    ,   665.8267    ,   374.0000    ,   1389.504    ,   3.700000    ,   125.7174    ,   1.000000    ,  0.1516081    ,   51.80000    ,   486.9808    ,   29.60000    ,   371.6292    ,   21.70000    ,   267.6389    ,   2.700000    ,   1.631485    ,   2.400000    ,   1.218575    ,   76.20000    ,   131.6166    ,   1.200000    ,   2.315386    ,   1.900000    ,   25.13315    ,   29.50000    ,   214.1770    ,   25.70000    ,   182.9462    ,   294.0000    ,   424.6035    ,  0.7000000    ,   2.746508    ,   5.800000    ,   2.565159    ,   1.000000    ,  0.4561521E-01,  -1.000000    ,   1418.002    ,   1.000000    ,  0.1696735    ,   685.0000    ,   649.6960    ,   7.600000    ,   36.84765    ,   4.800000    ,   13.89759    ,   1.500000    ,   24.38318    ,  -1.000000    ,   9.752931    ,  0.5000000    ,  0.4603111    ,   1.600000    ,   10.09198    ,   2.300000    ,   3.634980    ,   2.800000    ,   4.380064    ,  0.7000000    ,  0.7499249    ,   128.0000    ,   291.2132    ,   71.50000    ,   79.51288    ,   76.00000    ,   194.0998    ,   141.0000    ,   422.7489    ,   4.600000    ,   112.7692    ,   2.000000    ,   31.49233    ,   1550.000    ,   2185.699    ,  0.6000000    ,  0.3577540    ,   2.200000    ,   252.4678    ,   15.80000    ,   97.33535    ,   4.300000    ,   1.574596    ,   9.200000    ,   62.95273    ,   33.00000    ,   124.8255    ,   2740.000    ,   3996.629    ,  -1.000000    ,   4030.986    ,   1920.000    ,   2681.095    ,   19.80000    ,   187.9242    ,   9.400000    ,   57.07651    ,   7.800000    ,   78.51899    ,   103.0000    ,   309.5880    ,   363.0000    ,   454.6867    ,   26.80000    ,   60.51104    ,   9.800000    ,   13.69015    ,   15.60000    ,   34.43049    ,   2.300000    ,   13.81654    ,   2.900000    ,   22.39940    ,  -1.000000    ,   3440.059    ,  -1.000000    ,   2331.985    ,   14.80000    ,   91.72678    ,
           2000,            249,   38.90000    ,   42.81934    ,   11.30000    ,   13.63806    ,   15.20000    ,   19.14443    ,   1.500000    ,   5.646662    ,   61.60000    ,   63.95552    ,   243.0000    ,   219.2658    ,   4.300000    ,  0.7369142    ,   162.0000    ,   194.1130    ,   1.000000    ,  0.8594457E-01,   17.40000    ,   33.50826    ,   568.0000    ,   657.3366    ,   217.0000    ,   379.7727    ,   49.90000    ,   62.67491    ,   5.700000    ,   1.759213    ,   59.40000    ,   24.31950    ,   981.0000    ,   1098.078    ,   220.0000    ,   142.1801    ,   9.800000    ,   3.065361    ,   28.00000    ,   358.6313    ,   79.00000    ,   364.0298    ,   141.0000    ,   437.6671    ,   301.0000    ,   856.9930    ,   12.40000    ,   180.2128    ,   1.500000    ,   10.37677    ,   2.200000    ,   96.94297    ,  -1.000000    ,   343.1760    ,   2.100000    ,   4.317109    ,   25.10000    ,   17.62893    ,   181.0000    ,   601.3726    ,  0.5000000    ,  0.2055316    ,   5.200000    ,   170.1667    ,   7.100000    ,   54.25923    ,   130.0000    ,   686.1401    ,   362.0000    ,   1519.227    ,   3.600000    ,   111.0286    ,   1.000000    ,  0.1555660    ,   51.30000    ,   518.3632    ,   29.30000    ,   350.5072    ,   22.50000    ,   249.7068    ,   2.100000    ,   1.055899    ,   1.800000    ,  0.7365022    ,   75.40000    ,   175.4127    ,   1.100000    ,   3.168209    ,   1.900000    ,   27.25392    ,   25.30000    ,   193.1238    ,   22.80000    ,   171.0400    ,   289.0000    ,   453.8626    ,  0.6000000    ,   3.791289    ,   5.600000    ,   2.532448    ,  0.9000000    ,  0.3872950E-01,  -1.000000    ,   1673.434    ,   1.000000    ,  0.1480537    ,   681.0000    ,   721.0904    ,   7.500000    ,   48.63420    ,   4.800000    ,   19.33147    ,   1.400000    ,   29.24585    ,  -1.000000    ,   12.10240    ,  0.3000000    ,  0.4973814    ,   1.400000    ,   12.01839    ,   2.600000    ,   5.781690    ,   2.600000    ,   7.074928    ,  0.5000000    ,  0.8078201    ,   125.0000    ,   306.8270    ,   71.00000    ,   86.04806    ,   77.00000    ,   193.0610    ,   136.0000    ,   445.7481    ,   4.400000    ,   105.7118    ,   1.900000    ,   26.72135    ,   1570.000    ,   2383.657    ,  0.6000000    ,  0.3170048    ,   2.100000    ,   209.2744    ,   15.50000    ,   124.4137    ,   4.200000    ,   2.504025    ,   8.300000    ,   59.13981    ,   33.80000    ,   125.1916    ,   2750.000    ,   4555.181    ,  -1.000000    ,   4528.702    ,   1930.000    ,   3205.341    ,   18.60000    ,   164.5875    ,   8.700000    ,   61.71811    ,   7.600000    ,   78.02905    ,   98.40000    ,   302.6021    ,   350.0000    ,   468.0144    ,   25.70000    ,   70.59345    ,   9.400000    ,   14.91842    ,   15.10000    ,   37.78858    ,   2.200000    ,   11.64099    ,   2.900000    ,   21.38270    ,  -1.000000    ,   3957.005    ,  -1.000000    ,   2773.355    ,   13.80000    ,   78.28041    ,
           2000,            250,   38.20000    ,   41.78192    ,   10.90000    ,   13.46326    ,   14.70000    ,   18.76931    ,   1.500000    ,   6.642677    ,   61.50000    ,   62.86817    ,   241.0000    ,   224.4667    ,   4.300000    ,  0.7882845    ,   159.0000    ,   190.0593    ,   1.000000    ,  0.6864659E-01,   17.60000    ,   35.33812    ,   540.0000    ,   740.8558    ,   215.0000    ,   405.9668    ,   47.70000    ,   79.19254    ,   6.900000    ,   3.674598    ,   61.90000    ,   33.39736    ,   982.0000    ,   1112.437    ,   271.0000    ,   150.4979    ,   9.900000    ,   2.737713    ,   27.10000    ,   368.0902    ,   78.50000    ,   383.9012    ,   138.0000    ,   432.8884    ,   293.0000    ,   886.5952    ,   11.80000    ,   157.3265    ,   1.500000    ,   10.11998    ,   2.200000    ,   86.78715    ,  -1.000000    ,   331.0266    ,   2.100000    ,   6.898620    ,   25.10000    ,   22.24249    ,   175.0000    ,   599.3376    ,  0.5000000    ,  0.2766326    ,   5.300000    ,   152.8298    ,   6.700000    ,   48.30525    ,   130.0000    ,   696.4355    ,   344.0000    ,   1538.097    ,   3.700000    ,   98.23059    ,  0.9000000    ,  0.2245561    ,   51.30000    ,   511.3535    ,   29.50000    ,   322.4201    ,   22.80000    ,   228.0194    ,   1.900000    ,   1.015134    ,   1.500000    ,  0.6679542    ,   74.10000    ,   233.9057    ,   1.100000    ,   4.127769    ,   1.900000    ,   28.14274    ,   23.90000    ,   173.5080    ,   20.60000    ,   154.7644    ,   287.0000    ,   488.1203    ,  0.5000000    ,   4.444097    ,   5.400000    ,   2.791086    ,  0.9000000    ,  0.4204746E-01,  -1.000000    ,   1785.780    ,   1.000000    ,  0.1481737    ,   673.0000    ,   848.4258    ,   7.000000    ,   56.58285    ,   4.500000    ,   24.21082    ,   1.400000    ,   31.54946    ,  -1.000000    ,   12.93790    ,  0.3000000    ,  0.5470473    ,   1.300000    ,   12.66132    ,   2.700000    ,   8.330699    ,   2.500000    ,   10.75778    ,  0.5000000    ,  0.9245200    ,   119.0000    ,   323.7056    ,   69.60000    ,   94.73724    ,   78.00000    ,   191.4530    ,   131.0000    ,   461.9425    ,   3.900000    ,   97.18749    ,   1.800000    ,   23.13751    ,   1520.000    ,   2433.832    ,  0.7000000    ,  0.2882858    ,   2.100000    ,   179.2663    ,   15.40000    ,   143.3254    ,   4.200000    ,   3.587924    ,   8.600000    ,   54.54080    ,   36.60000    ,   123.5260    ,   2770.000    ,   5012.867    ,  -1.000000    ,   5033.648    ,   1950.000    ,   3439.365    ,   17.40000    ,   153.4165    ,   8.300000    ,   61.49881    ,   7.300000    ,   72.74383    ,   99.20000    ,   313.0668    ,   334.0000    ,   483.3883    ,   25.00000    ,   75.61813    ,   8.900000    ,   15.42943    ,   14.60000    ,   38.77076    ,   2.200000    ,   10.46419    ,   2.900000    ,   20.36384    ,  -1.000000    ,   4447.172    ,  -1.000000    ,   3248.358    ,   13.30000    ,   70.13293    ,
           2000,            251,   37.30000    ,   40.58586    ,   10.70000    ,   13.28410    ,   14.60000    ,   18.38194    ,   1.600000    ,   7.505587    ,   61.60000    ,   61.55317    ,   239.0000    ,   231.7410    ,   4.800000    ,   1.034710    ,   156.0000    ,   186.4349    ,   1.000000    ,  0.6005588E-01,   18.10000    ,   34.07102    ,   535.0000    ,   820.1570    ,   204.0000    ,   442.1202    ,   45.70000    ,   89.20406    ,   11.70000    ,   1.925506    ,   54.90000    ,   33.41734    ,   965.0000    ,   1124.114    ,   293.0000    ,   148.5107    ,   10.60000    ,   2.637897    ,   26.60000    ,   354.6160    ,   75.10000    ,   384.1091    ,   137.0000    ,   411.0258    ,   288.0000    ,   864.0901    ,   10.90000    ,   137.8806    ,   1.400000    ,   9.667071    ,   2.200000    ,   77.39537    ,  -1.000000    ,   301.8676    ,   2.000000    ,   9.548182    ,   24.60000    ,   27.71050    ,   167.0000    ,   586.7791    ,  0.5000000    ,  0.3370493    ,   5.300000    ,   136.5266    ,   6.100000    ,   42.19927    ,   137.0000    ,   694.1402    ,   326.0000    ,   1519.625    ,   3.700000    ,   87.37289    ,  0.9000000    ,  0.1778522    ,   50.90000    ,   489.4070    ,   29.30000    ,   295.6431    ,   24.00000    ,   208.6051    ,   1.700000    ,   1.104840    ,   1.300000    ,  0.6663640    ,   72.70000    ,   294.8760    ,   1.100000    ,   4.922683    ,   1.900000    ,   28.40493    ,   22.40000    ,   155.9620    ,   18.60000    ,   141.0922    ,   280.0000    ,   531.2407    ,  0.5000000    ,   4.767910    ,   5.400000    ,   3.363832    ,  0.9000000    ,  0.4329598E-01,  -1.000000    ,   1834.586    ,   1.000000    ,  0.1524883    ,   663.0000    ,   1012.231    ,   6.400000    ,   62.65490    ,   4.300000    ,   28.62433    ,   1.400000    ,   32.40987    ,  -1.000000    ,   13.06279    ,  0.3000000    ,  0.6292688    ,   1.200000    ,   12.70576    ,   2.700000    ,   10.63692    ,   2.500000    ,   14.56825    ,  0.4000000    ,   1.104101    ,   120.0000    ,   331.0946    ,   70.50000    ,   103.7128    ,   77.00000    ,   183.0394    ,   129.0000    ,   470.8215    ,   3.600000    ,   89.10522    ,   1.700000    ,   20.24794    ,   1480.000    ,   2426.078    ,  0.6000000    ,  0.2750334    ,   2.000000    ,   154.0986    ,   15.30000    ,   155.0108    ,   4.100000    ,   4.150028    ,   12.30000    ,   45.92687    ,   42.20000    ,   113.2393    ,   2710.000    ,   5243.861    ,  -1.000000    ,   5292.575    ,   1870.000    ,   3507.819    ,   18.00000    ,   129.6148    ,   8.100000    ,   59.43018    ,   7.300000    ,   66.14468    ,   116.0000    ,   295.2077    ,   319.0000    ,   502.0803    ,   24.50000    ,   76.79510    ,   8.400000    ,   15.47346    ,   14.20000    ,   38.34605    ,   2.400000    ,   8.907470    ,   2.900000    ,   19.15429    ,  -1.000000    ,   4941.297    ,  -1.000000    ,   3745.810    ,   19.80000    ,   59.31398    ,
           2000,            252,   36.90000    ,   39.47754    ,   10.80000    ,   13.10141    ,   14.80000    ,   17.99219    ,   1.600000    ,   8.221396    ,   60.60000    ,   60.05994    ,   235.0000    ,   237.6264    ,   6.600000    ,   1.097543    ,   157.0000    ,   182.9165    ,   1.100000    ,  0.6203654E-01,   23.20000    ,   29.73265    ,   558.0000    ,   887.4692    ,   236.0000    ,   440.6654    ,   47.10000    ,   82.83545    ,   16.00000    ,   3.127021    ,   100.0000    ,   36.39515    ,   1080.000    ,   1143.379    ,   632.0000    ,   151.6009    ,   11.80000    ,   2.738023    ,   37.10000    ,   330.8357    ,   103.0000    ,   370.5518    ,   137.0000    ,   389.4270    ,   289.0000    ,   830.9315    ,   11.70000    ,   121.1421    ,   1.400000    ,   9.264722    ,   2.000000    ,   69.25706    ,  -1.000000    ,   271.3522    ,   2.000000    ,   11.93346    ,   24.70000    ,   33.63138    ,   165.0000    ,   570.9208    ,  0.5000000    ,  0.4471560    ,   5.300000    ,   122.5017    ,   8.400000    ,   37.64979    ,   147.0000    ,   675.4458    ,   312.0000    ,   1481.985    ,   3.700000    ,   78.45798    ,  0.8000000    ,  0.1911592    ,   52.10000    ,   460.0714    ,   38.00000    ,   268.5836    ,   31.20000    ,   188.9799    ,   1.700000    ,   1.309376    ,   1.500000    ,  0.7609728    ,   71.70000    ,   347.4491    ,   1.200000    ,   5.616964    ,   1.900000    ,   28.23977    ,   30.30000    ,   141.2421    ,   24.80000    ,   126.8539    ,   276.0000    ,   586.6570    ,  0.6000000    ,   4.922749    ,   5.400000    ,   4.275661    ,  0.9000000    ,  0.4289274E-01,  -1.000000    ,   1855.619    ,   1.000000    ,  0.1741120    ,   643.0000    ,   1187.606    ,   6.300000    ,   67.55920    ,   4.300000    ,   32.60595    ,   1.500000    ,   32.53030    ,  -1.000000    ,   12.93643    ,  0.3000000    ,  0.7740713    ,   3.800000    ,   12.53008    ,   2.800000    ,   12.65081    ,   2.500000    ,   18.21117    ,  0.4000000    ,   1.377827    ,   118.0000    ,   327.6527    ,   67.90000    ,   112.5059    ,   76.00000    ,   162.2574    ,   130.0000    ,   470.9980    ,   3.600000    ,   81.74474    ,   1.900000    ,   17.49859    ,   1500.000    ,   2408.475    ,  0.6000000    ,  0.2854739    ,   2.000000    ,   134.6842    ,   15.40000    ,   160.1241    ,   4.100000    ,   4.488008    ,   13.70000    ,   35.63651    ,   44.40000    ,   85.34150    ,   2760.000    ,   5378.876    ,  -1.000000    ,   5435.396    ,   1860.000    ,   3502.189    ,   37.70000    ,   110.8605    ,   43.20000    ,   58.19081    ,   28.10000    ,   59.99707    ,   177.0000    ,   247.1644    ,   323.0000    ,   525.1944    ,   36.20000    ,   76.51378    ,   9.100000    ,   15.90901    ,   19.90000    ,   38.24505    ,   4.400000    ,   8.930168    ,   3.200000    ,   18.37214    ,  -1.000000    ,   5371.621    ,  -1.000000    ,   4258.786    ,   76.60000    ,   53.88943    ,
           2000,            253,   36.70000    ,   38.69394    ,   10.50000    ,   12.91300    ,   14.40000    ,   17.58433    ,   1.700000    ,   8.799339    ,   60.60000    ,   58.53094    ,   232.0000    ,   241.4130    ,   6.500000    ,   1.203606    ,   155.0000    ,   179.3661    ,   1.300000    ,  0.6158995E-01,   18.70000    ,   26.22389    ,   742.0000    ,   940.4864    ,   237.0000    ,   397.8744    ,   49.00000    ,   74.44669    ,   11.80000    ,   2.880228    ,   98.50000    ,   36.60749    ,   1490.000    ,   1171.138    ,   664.0000    ,   150.3642    ,   12.80000    ,   3.047548    ,   46.00000    ,   304.3156    ,   123.0000    ,   350.9426    ,   138.0000    ,   371.5106    ,   304.0000    ,   798.7650    ,   13.50000    ,   108.0849    ,   1.400000    ,   8.919965    ,   2.100000    ,   62.33377    ,  -1.000000    ,   243.5114    ,   1.800000    ,   13.90265    ,   24.40000    ,   39.56791    ,   169.0000    ,   554.0740    ,  0.5000000    ,  0.5656623    ,   5.400000    ,   110.7378    ,   9.300000    ,   33.60112    ,   152.0000    ,   642.0021    ,   331.0000    ,   1428.502    ,   3.800000    ,   70.99716    ,  0.9000000    ,  0.1760653    ,   53.80000    ,   426.3985    ,   42.90000    ,   242.6107    ,   36.20000    ,   170.0407    ,   2.400000    ,   1.590330    ,   2.100000    ,  0.9028986    ,   70.70000    ,   386.3208    ,   1.200000    ,   6.267773    ,   1.900000    ,   27.98057    ,   33.20000    ,   126.9842    ,   28.60000    ,   111.3604    ,   269.0000    ,   656.0261    ,  0.6000000    ,   4.967731    ,   5.300000    ,   5.709320    ,   1.100000    ,  0.4988873E-01,  -1.000000    ,   1860.422    ,   1.000000    ,  0.2368651    ,   628.0000    ,   1355.438    ,   8.900000    ,   72.17802    ,   7.200000    ,   36.27191    ,   2.100000    ,   32.18605    ,  -1.000000    ,   12.69432    ,  0.3000000    ,   1.136748    ,   4.500000    ,   12.21730    ,   2.800000    ,   14.33895    ,   2.500000    ,   21.60674    ,  0.4000000    ,   1.926983    ,   116.0000    ,   306.6790    ,   66.30000    ,   120.0940    ,   75.00000    ,   134.7954    ,   126.0000    ,   449.7753    ,   3.800000    ,   75.48278    ,   1.800000    ,   15.45461    ,   1660.000    ,   2398.046    ,  0.7000000    ,  0.3374230    ,   1.900000    ,   119.3746    ,   15.30000    ,   160.0838    ,   4.000000    ,   5.123960    ,   10.70000    ,   29.28096    ,   33.30000    ,   60.65007    ,   2780.000    ,   5474.002    ,  -1.000000    ,   5514.419    ,   1860.000    ,   3467.998    ,   31.90000    ,   98.50076    ,   45.70000    ,   55.09976    ,   55.50000    ,   54.35492    ,   119.0000    ,   191.9396    ,   334.0000    ,   553.1103    ,   41.20000    ,   74.58776    ,   10.00000    ,   14.84810    ,   22.80000    ,   36.08844    ,   8.100000    ,   9.488975    ,   3.700000    ,   18.06128    ,  -1.000000    ,   5705.042    ,  -1.000000    ,   4761.351    ,   62.00000    ,   48.28296    ,
           2000,            254,   36.60000    ,   38.37127    ,   10.30000    ,   12.73147    ,   14.00000    ,   17.18189    ,   1.600000    ,   9.241220    ,   60.80000    ,   57.17757    ,   229.0000    ,   243.4406    ,   6.700000    ,   1.275882    ,   152.0000    ,   175.7312    ,   1.400000    ,  0.6527538E-01,   18.10000    ,   24.78728    ,   893.0000    ,   977.4333    ,   231.0000    ,   353.0088    ,   48.60000    ,   67.87435    ,   9.400000    ,   2.386433    ,   89.90000    ,   37.03656    ,   1800.000    ,   1207.323    ,   594.0000    ,   152.8301    ,   14.90000    ,   3.685658    ,   65.00000    ,   280.4175    ,   167.0000    ,   331.8160    ,   139.0000    ,   359.5926    ,   329.0000    ,   766.9910    ,   19.00000    ,   97.85438    ,   1.500000    ,   8.718019    ,   2.300000    ,   56.56873    ,  -1.000000    ,   220.0168    ,   1.900000    ,   15.45217    ,   24.60000    ,   45.23474    ,   182.0000    ,   537.3787    ,  0.5000000    ,  0.7837145    ,   5.500000    ,   100.9565    ,   11.90000    ,   30.80347    ,   160.0000    ,   599.8917    ,   368.0000    ,   1361.877    ,   4.000000    ,   64.93578    ,  0.9000000    ,  0.3174095    ,   55.90000    ,   394.6991    ,   49.60000    ,   223.3805    ,   40.70000    ,   156.2474    ,   2.200000    ,   1.874628    ,   1.900000    ,   1.058486    ,   70.80000    ,   410.7152    ,   1.200000    ,   6.686226    ,   1.900000    ,   27.53301    ,   38.80000    ,   121.3074    ,   35.90000    ,   103.7743    ,   266.0000    ,   737.7097    ,  0.7000000    ,   4.961354    ,   5.300000    ,   7.012278    ,   1.200000    ,  0.4833177E-01,  -1.000000    ,   1852.876    ,   1.000000    ,  0.2510267    ,   619.0000    ,   1499.757    ,   10.90000    ,   74.87530    ,   7.400000    ,   38.90451    ,   2.300000    ,   31.45612    ,  -1.000000    ,   12.38568    ,  0.3000000    ,   1.295535    ,   4.700000    ,   11.87512    ,   2.800000    ,   15.55045    ,   2.500000    ,   24.16967    ,  0.4000000    ,   2.251791    ,   110.0000    ,   291.0954    ,   62.50000    ,   125.3717    ,   72.00000    ,   114.4070    ,   123.0000    ,   431.2811    ,   3.500000    ,   70.15958    ,   1.800000    ,   13.84070    ,   2070.000    ,   2401.555    ,  0.6000000    ,  0.4303216    ,   2.000000    ,   108.3416    ,   15.40000    ,   156.4459    ,   4.000000    ,   5.675736    ,   9.200000    ,   31.69874    ,   28.90000    ,   61.60669    ,   2800.000    ,   5530.665    ,  -1.000000    ,   5573.867    ,   2040.000    ,   3410.986    ,   33.00000    ,   95.85623    ,   42.80000    ,   53.98886    ,   69.90000    ,   50.61623    ,   110.0000    ,   169.3805    ,   351.0000    ,   585.4751    ,   76.20000    ,   72.74688    ,   11.70000    ,   15.08931    ,   37.50000    ,   36.47851    ,   10.00000    ,   11.46091    ,   5.400000    ,   19.22615    ,  -1.000000    ,   5949.463    ,  -1.000000    ,   5224.623    ,   62.20000    ,   52.31997    ,
           2000,            255,   36.30000    ,   38.41606    ,   10.10000    ,   12.53897    ,   13.70000    ,   16.76577    ,   1.600000    ,   9.574203    ,   61.10000    ,   56.19864    ,   226.0000    ,   243.8849    ,   6.100000    ,   1.353196    ,   149.0000    ,   171.9966    ,   1.500000    ,  0.6921892E-01,   17.80000    ,   23.09287    ,   917.0000    ,   995.3122    ,   217.0000    ,   317.2735    ,   47.30000    ,   62.57578    ,   8.200000    ,   2.106024    ,   75.70000    ,   35.97369    ,   1820.000    ,   1245.990    ,   422.0000    ,   147.2126    ,   16.80000    ,   4.273960    ,   69.00000    ,   260.0672    ,   157.0000    ,   317.9302    ,   141.0000    ,   352.9767    ,   335.0000    ,   743.9572    ,   16.50000    ,   89.10346    ,   1.800000    ,   8.415433    ,   2.400000    ,   51.73935    ,  -1.000000    ,   200.7332    ,   2.000000    ,   16.58486    ,   24.80000    ,   50.21373    ,   184.0000    ,   521.1204    ,  0.5000000    ,  0.8633053    ,   5.600000    ,   92.66235    ,   9.100000    ,   28.52924    ,   166.0000    ,   559.6522    ,   380.0000    ,   1289.477    ,   4.100000    ,   59.66560    ,   1.000000    ,  0.2225507    ,   57.60000    ,   369.2146    ,   49.80000    ,   208.1884    ,   42.30000    ,   145.7706    ,   2.100000    ,   2.147767    ,   1.700000    ,   1.209288    ,   70.70000    ,   422.3236    ,   1.200000    ,   7.015079    ,   1.900000    ,   26.99729    ,   33.40000    ,   112.3252    ,   29.20000    ,   98.25771    ,   262.0000    ,   826.5056    ,  0.8000000    ,   4.932035    ,   5.300000    ,   8.304251    ,   1.200000    ,  0.4325565E-01,  -1.000000    ,   1840.019    ,   1.000000    ,  0.2661679    ,   627.0000    ,   1617.988    ,   11.30000    ,   77.01707    ,   7.300000    ,   41.02748    ,   2.200000    ,   30.73137    ,  -1.000000    ,   12.12993    ,  0.3000000    ,   1.463686    ,   3.600000    ,   11.54803    ,   2.800000    ,   16.45093    ,   2.600000    ,   26.21883    ,  0.4000000    ,   2.559408    ,   108.0000    ,   279.3375    ,   63.40000    ,   128.2386    ,   69.00000    ,   101.1606    ,   118.0000    ,   415.2326    ,   3.300000    ,   65.54531    ,   1.700000    ,   12.50806    ,   2390.000    ,   2416.174    ,  0.4000000    ,  0.5404068    ,   2.000000    ,   100.1675    ,   15.20000    ,   150.7861    ,   3.900000    ,   6.050425    ,   8.500000    ,   31.96440    ,   26.80000    ,   58.49954    ,   3110.000    ,   5578.683    ,  -1.000000    ,   5635.711    ,   2420.000    ,   3372.502    ,   27.30000    ,   97.16110    ,   27.50000    ,   53.39502    ,   39.00000    ,   47.94235    ,   95.00000    ,   182.2944    ,   353.0000    ,   621.0651    ,   52.10000    ,   71.28979    ,   12.60000    ,   14.97937    ,   26.70000    ,   36.04439    ,   4.200000    ,   9.362820    ,   3.900000    ,   20.08550    ,  -1.000000    ,   6123.146    ,  -1.000000    ,   5613.691    ,   34.20000    ,   51.18467    ,
           2000,            256,   35.90000    ,   38.70688    ,   10.00000    ,   12.34648    ,   13.70000    ,   16.32778    ,   1.600000    ,   9.820622    ,   61.40000    ,   55.61386    ,   222.0000    ,   243.4219    ,   6.600000    ,   1.503487    ,   149.0000    ,   168.1717    ,   1.500000    ,  0.7645968E-01,   25.20000    ,   24.13307    ,   830.0000    ,   992.1702    ,   225.0000    ,   302.4890    ,   45.70000    ,   59.66599    ,   7.500000    ,   3.438884    ,   95.00000    ,   37.52626    ,   1660.000    ,   1280.622    ,   453.0000    ,   153.6456    ,   18.70000    ,   5.093515    ,   76.00000    ,   243.2429    ,   173.0000    ,   310.2425    ,   141.0000    ,   351.1789    ,   340.0000    ,   729.6421    ,   17.00000    ,   82.65310    ,   1.800000    ,   8.238850    ,   2.500000    ,   47.76155    ,  -1.000000    ,   185.0280    ,   2.200000    ,   17.47211    ,   24.90000    ,   55.06597    ,   187.0000    ,   506.4560    ,  0.5000000    ,  0.9659219    ,   5.500000    ,   85.60941    ,   9.700000    ,   26.87718    ,   143.0000    ,   515.3454    ,   371.0000    ,   1218.866    ,   4.200000    ,   55.32495    ,   1.000000    ,  0.1911882    ,   58.80000    ,   348.5072    ,   52.20000    ,   196.8410    ,   43.90000    ,   138.0432    ,   1.800000    ,   2.370770    ,   1.400000    ,   1.330849    ,   70.30000    ,   423.9825    ,   1.200000    ,   7.282213    ,   1.900000    ,   26.43048    ,   32.60000    ,   107.8561    ,   28.60000    ,   93.20040    ,   259.0000    ,   915.0185    ,  0.6000000    ,   4.888385    ,   5.300000    ,   9.464776    ,   1.100000    ,  0.3781753E-01,  -1.000000    ,   1833.545    ,   1.000000    ,  0.2818658    ,   637.0000    ,   1709.289    ,   10.10000    ,   78.25070    ,   6.200000    ,   42.52722    ,   2.000000    ,   29.79074    ,  -1.000000    ,   11.83432    ,  0.3000000    ,   1.665547    ,   2.700000    ,   11.21331    ,   2.800000    ,   17.08000    ,   2.600000    ,   27.75665    ,  0.4000000    ,   2.899202    ,   104.0000    ,   270.0573    ,   59.00000    ,   128.8463    ,   66.00000    ,   93.80241    ,   116.0000    ,   402.0727    ,   3.200000    ,   61.72862    ,   1.700000    ,   11.60861    ,   2320.000    ,   2441.391    ,  0.4000000    ,  0.6476752    ,   2.000000    ,   92.12264    ,   14.90000    ,   144.1304    ,   3.900000    ,   6.463945    ,   9.100000    ,   31.92205    ,   31.20000    ,   69.72784    ,   3480.000    ,   5626.646    ,  -1.000000    ,   5683.898    ,   2740.000    ,   3348.885    ,   25.00000    ,   90.99795    ,   20.00000    ,   53.26691    ,   27.70000    ,   46.77826    ,   93.60000    ,   190.3803    ,   346.0000    ,   658.0877    ,   42.80000    ,   70.13175    ,   12.60000    ,   14.58084    ,   22.90000    ,   35.39297    ,   3.200000    ,   9.820220    ,   3.500000    ,   23.01968    ,  -1.000000    ,   6253.500    ,  -1.000000    ,   5929.917    ,   25.40000    ,   51.98146    ,
           2000,            257,   35.80000    ,   39.13771    ,   9.800000    ,   12.14752    ,   13.40000    ,   15.85195    ,   1.600000    ,   9.958046    ,   61.90000    ,   55.31934    ,   219.0000    ,   242.1288    ,   5.600000    ,   1.441380    ,   146.0000    ,   164.2691    ,   1.600000    ,  0.7074524E-01,   20.60000    ,   23.76271    ,   839.0000    ,   974.0120    ,   222.0000    ,   304.3803    ,   44.60000    ,   59.94652    ,   12.10000    ,   3.189139    ,   81.50000    ,   38.00816    ,   1680.000    ,   1306.790    ,   416.0000    ,   153.3893    ,   19.50000    ,   5.926135    ,   73.40000    ,   229.4315    ,   170.0000    ,   307.5101    ,   141.0000    ,   352.9761    ,   341.0000    ,   734.3161    ,   18.30000    ,   77.70918    ,   1.800000    ,   8.098639    ,   2.500000    ,   44.41201    ,  -1.000000    ,   172.6413    ,   2.200000    ,   18.04506    ,   24.60000    ,   58.73068    ,   189.0000    ,   493.3323    ,  0.4000000    ,   1.084060    ,   5.500000    ,   79.59328    ,   9.400000    ,   25.64980    ,   139.0000    ,   481.5778    ,   360.0000    ,   1152.024    ,   4.100000    ,   51.58010    ,  0.9000000    ,  0.1709721    ,   60.10000    ,   330.7843    ,   50.10000    ,   188.0222    ,   42.60000    ,   132.3928    ,   1.600000    ,   2.586862    ,   1.200000    ,   1.460562    ,   69.40000    ,   418.4379    ,   1.100000    ,   7.510547    ,   1.900000    ,   25.86793    ,   32.50000    ,   104.7912    ,   28.50000    ,   91.76385    ,   257.0000    ,   995.8916    ,  0.5000000    ,   4.824049    ,   5.100000    ,   10.48078    ,   1.000000    ,  0.3419524E-01,  -1.000000    ,   1835.472    ,  0.9000000    ,  0.3077640    ,   638.0000    ,   1777.042    ,   9.000000    ,   79.08035    ,   5.600000    ,   43.62167    ,   1.800000    ,   28.86192    ,  -1.000000    ,   11.59788    ,  0.3000000    ,   1.885533    ,   2.200000    ,   10.91217    ,   2.800000    ,   17.48721    ,   2.600000    ,   28.87752    ,  0.4000000    ,   3.248070    ,   100.0000    ,   265.7118    ,   57.50000    ,   127.8120    ,   65.00000    ,   92.18688    ,   110.0000    ,   393.4554    ,   3.200000    ,   58.22355    ,   1.700000    ,   10.74912    ,   2200.000    ,   2476.800    ,  0.4000000    ,  0.7231150    ,   2.000000    ,   85.38001    ,   14.90000    ,   137.0221    ,   3.900000    ,   6.700636    ,   9.300000    ,   33.15105    ,   33.10000    ,   75.77757    ,   3630.000    ,   5663.632    ,  -1.000000    ,   5721.888    ,   2640.000    ,   3339.908    ,   23.80000    ,   89.49114    ,   16.90000    ,   53.12301    ,   21.70000    ,   46.44586    ,   98.70000    ,   203.5385    ,   339.0000    ,   694.3460    ,   38.50000    ,   69.58506    ,   12.20000    ,   14.76965    ,   21.10000    ,   35.75495    ,   2.900000    ,   10.38131    ,   3.300000    ,   24.58517    ,  -1.000000    ,   6360.288    ,  -1.000000    ,   6178.244    ,   22.30000    ,   52.87893    ,
           2000,            258,   35.90000    ,   39.67006    ,   9.800000    ,   11.95379    ,   13.50000    ,   15.34225    ,   1.600000    ,   10.01559    ,   61.60000    ,   55.20938    ,   216.0000    ,   240.4712    ,   6.000000    ,   1.697301    ,   145.0000    ,   160.3068    ,   1.600000    ,  0.6795792E-01,   28.00000    ,   21.83444    ,   800.0000    ,   952.3965    ,   216.0000    ,   295.9041    ,   43.20000    ,   58.25576    ,   9.200000    ,   3.152469    ,   78.70000    ,   37.68446    ,   1590.000    ,   1321.446    ,   358.0000    ,   158.0772    ,   19.60000    ,   6.707393    ,   67.40000    ,   218.1649    ,   151.0000    ,   305.0999    ,   141.0000    ,   357.3893    ,   340.0000    ,   741.0211    ,   16.80000    ,   73.06368    ,   1.700000    ,   7.984491    ,   2.500000    ,   41.51954    ,  -1.000000    ,   162.7816    ,   2.200000    ,   18.41470    ,   24.00000    ,   61.79326    ,   187.0000    ,   481.2159    ,  0.4000000    ,   1.198119    ,   5.400000    ,   74.38829    ,   8.300000    ,   23.96629    ,   138.0000    ,   458.8075    ,   357.0000    ,   1098.200    ,   4.000000    ,   48.28087    ,  0.8000000    ,  0.1516269    ,   61.00000    ,   317.5102    ,   48.70000    ,   180.6283    ,   42.00000    ,   127.7338    ,   1.400000    ,   2.769210    ,   1.100000    ,   1.575940    ,   69.20000    ,   408.0675    ,   1.100000    ,   7.690497    ,   1.800000    ,   25.28623    ,   30.70000    ,   99.72711    ,   25.10000    ,   89.86143    ,   254.0000    ,   1063.543    ,  0.5000000    ,   4.739712    ,   4.900000    ,   11.37260    ,  0.8000000    ,  0.3209325E-01,  -1.000000    ,   1852.814    ,  0.9000000    ,  0.3403779    ,   632.0000    ,   1826.182    ,   8.200000    ,   79.37218    ,   5.200000    ,   44.28806    ,   1.600000    ,   27.87863    ,  -1.000000    ,   11.37298    ,  0.3000000    ,   2.095560    ,   1.900000    ,   10.61156    ,   2.700000    ,   17.69203    ,   2.600000    ,   29.60626    ,  0.4000000    ,   3.570061    ,   98.00000    ,   262.6573    ,   54.80000    ,   125.6637    ,   68.00000    ,   91.83207    ,   107.0000    ,   386.3846    ,   3.200000    ,   54.88583    ,   2.000000    ,   9.879889    ,   2140.000    ,   2509.727    ,  0.3000000    ,  0.7952976    ,   2.000000    ,   79.26653    ,   14.90000    ,   129.8532    ,   4.000000    ,   6.723680    ,   11.80000    ,   29.91866    ,   41.40000    ,   69.51315    ,   3450.000    ,   5698.145    ,  -1.000000    ,   5761.184    ,   2520.000    ,   3348.956    ,   22.00000    ,   84.75530    ,   14.70000    ,   52.46970    ,   17.60000    ,   46.00261    ,   113.0000    ,   210.4157    ,   330.0000    ,   727.6970    ,   36.60000    ,   69.39832    ,   11.90000    ,   14.58815    ,   19.70000    ,   35.45622    ,   2.700000    ,   10.76267    ,   3.200000    ,   24.63986    ,  -1.000000    ,   6452.130    ,  -1.000000    ,   6372.389    ,   21.50000    ,   51.80846    ,
           2000,            259,   35.80000    ,   40.27464    ,   9.600000    ,   11.75154    ,   13.50000    ,   14.75420    ,   1.600000    ,   10.02094    ,   60.20000    ,   55.19788    ,   213.0000    ,   238.4765    ,   6.000000    ,   1.692239    ,   144.0000    ,   156.3178    ,   1.600000    ,  0.6573852E-01,   31.80000    ,   24.74484    ,   731.0000    ,   933.6814    ,   240.0000    ,   292.2472    ,   43.50000    ,   58.84880    ,   11.50000    ,   4.212187    ,   76.20000    ,   40.02878    ,   1510.000    ,   1324.960    ,   380.0000    ,   163.7536    ,   19.50000    ,   7.503210    ,   61.10000    ,   208.5449    ,   136.0000    ,   300.4208    ,   141.0000    ,   363.1759    ,   338.0000    ,   740.7199    ,   15.70000    ,   69.06492    ,   1.600000    ,   7.878682    ,   2.300000    ,   38.96074    ,  -1.000000    ,   154.3258    ,   2.000000    ,   18.66728    ,   23.50000    ,   64.43889    ,   183.0000    ,   469.8824    ,  0.4000000    ,   1.308417    ,   5.400000    ,   69.83625    ,   7.700000    ,   23.28848    ,   142.0000    ,   436.8210    ,   346.0000    ,   1055.105    ,   3.900000    ,   45.47035    ,  0.8000000    ,  0.1446118    ,   61.80000    ,   302.0833    ,   47.60000    ,   171.7602    ,   40.50000    ,   121.6570    ,   1.300000    ,   2.923361    ,   1.100000    ,   1.681396    ,   68.60000    ,   394.8719    ,   1.100000    ,   7.833515    ,   1.800000    ,   24.70521    ,   28.90000    ,   96.61575    ,   22.90000    ,   86.94714    ,   251.0000    ,   1114.956    ,  0.4000000    ,   4.644473    ,   4.800000    ,   12.14744    ,  0.8000000    ,  0.3104852E-01,  -1.000000    ,   1886.268    ,  0.9000000    ,  0.3803363    ,   625.0000    ,   1863.721    ,   7.600000    ,   79.33073    ,   4.900000    ,   44.61375    ,   1.500000    ,   26.95415    ,  -1.000000    ,   11.14989    ,  0.3000000    ,   2.302969    ,   1.600000    ,   10.30733    ,   2.600000    ,   17.74469    ,   2.700000    ,   30.03596    ,  0.3000000    ,   3.872080    ,   99.10000    ,   260.9492    ,   55.60000    ,   122.7875    ,   73.00000    ,   96.65488    ,   105.0000    ,   378.7697    ,   3.900000    ,   52.19331    ,   2.200000    ,   9.446881    ,   2040.000    ,   2522.031    ,  0.3000000    ,  0.8940201    ,   2.000000    ,   73.46482    ,   14.80000    ,   122.8320    ,   4.100000    ,   6.967235    ,   13.70000    ,   29.70180    ,   50.50000    ,   74.79957    ,   3340.000    ,   5730.267    ,  -1.000000    ,   5782.827    ,   2450.000    ,   3359.046    ,   24.30000    ,   80.80981    ,   13.30000    ,   51.34441    ,   14.90000    ,   45.04875    ,   150.0000    ,   201.3099    ,   320.0000    ,   756.4736    ,   36.80000    ,   68.81316    ,   11.60000    ,   14.09621    ,   19.30000    ,   34.32200    ,   2.600000    ,   10.94826    ,   3.100000    ,   23.78167    ,  -1.000000    ,   6533.331    ,  -1.000000    ,   6525.973    ,   23.60000    ,   50.64973    ,
           2000,            260,   35.70000    ,   40.91919    ,   9.500000    ,   11.54786    ,   13.30000    ,   14.24154    ,   1.600000    ,   9.996451    ,   59.50000    ,   55.27095    ,   210.0000    ,   236.1885    ,   6.300000    ,   1.710695    ,   142.0000    ,   152.3307    ,   1.500000    ,  0.6171320E-01,   30.90000    ,   26.33551    ,   707.0000    ,   916.7341    ,   254.0000    ,   309.0266    ,   45.80000    ,   62.22050    ,   14.10000    ,   4.176267    ,   67.90000    ,   39.57235    ,   1440.000    ,   1320.744    ,   346.0000    ,   167.4525    ,   18.50000    ,   8.279937    ,   55.70000    ,   200.0050    ,   121.0000    ,   292.7506    ,   140.0000    ,   369.1519    ,   337.0000    ,   742.9573    ,   14.70000    ,   65.51540    ,   1.500000    ,   7.766714    ,   2.300000    ,   36.64755    ,  -1.000000    ,   146.9960    ,   1.900000    ,   18.78277    ,   22.80000    ,   66.54248    ,   180.0000    ,   459.1884    ,  0.4000000    ,   1.406951    ,   5.200000    ,   65.77950    ,   7.300000    ,   21.70700    ,   151.0000    ,   422.5764    ,   338.0000    ,   1016.431    ,   3.700000    ,   42.86633    ,  0.7000000    ,  0.1394797    ,   62.30000    ,   288.8723    ,   41.90000    ,   164.4849    ,   35.60000    ,   116.8995    ,   1.300000    ,   3.044963    ,   1.000000    ,   1.770091    ,   67.90000    ,   380.1938    ,   1.100000    ,   7.933714    ,   1.800000    ,   24.12472    ,   28.30000    ,   92.21118    ,   22.50000    ,   86.35952    ,   248.0000    ,   1149.564    ,  0.4000000    ,   4.540798    ,   4.600000    ,   12.78794    ,  0.7000000    ,  0.3103269E-01,  -1.000000    ,   1923.728    ,  0.9000000    ,  0.4213887    ,   617.0000    ,   1894.227    ,   7.200000    ,   78.87978    ,   4.700000    ,   44.64209    ,   1.500000    ,   26.01111    ,  -1.000000    ,   10.91365    ,  0.3000000    ,   2.491664    ,   1.500000    ,   9.992979    ,   2.500000    ,   17.68221    ,   2.800000    ,   30.21866    ,  0.3000000    ,   4.136502    ,   106.0000    ,   264.0140    ,   57.70000    ,   119.8799    ,   75.00000    ,   102.2728    ,   109.0000    ,   380.4533    ,   4.200000    ,   49.51216    ,   2.200000    ,   8.859449    ,   1910.000    ,   2522.965    ,  0.3000000    ,   1.011734    ,   2.000000    ,   69.38015    ,   14.80000    ,   116.1468    ,   4.200000    ,   7.007249    ,   13.30000    ,   30.92648    ,   54.10000    ,   79.98894    ,   3260.000    ,   5730.758    ,  -1.000000    ,   5797.556    ,   2360.000    ,   3352.031    ,   24.90000    ,   78.11887    ,   12.40000    ,   49.97884    ,   13.10000    ,   43.35114    ,   154.0000    ,   207.8236    ,   314.0000    ,   779.7355    ,   35.40000    ,   67.67049    ,   11.50000    ,   14.03206    ,   18.90000    ,   34.03235    ,   2.500000    ,   10.52985    ,   3.100000    ,   22.45795    ,  -1.000000    ,   6604.817    ,  -1.000000    ,   6649.351    ,   22.40000    ,   47.02983    ,
           2000,            261,   35.60000    ,   41.59193    ,   9.700000    ,   11.35138    ,   13.80000    ,   13.83417    ,   1.700000    ,   9.947385    ,   58.80000    ,   55.50603    ,   207.0000    ,   233.6842    ,   14.70000    ,   2.382197    ,   142.0000    ,   148.3716    ,   1.400000    ,  0.5847104E-01,   45.10000    ,   25.96165    ,   678.0000    ,   901.5151    ,   289.0000    ,   319.5898    ,   49.20000    ,   63.14165    ,   12.40000    ,   3.947735    ,   83.40000    ,   38.35913    ,   1400.000    ,   1311.367    ,   395.0000    ,   174.8937    ,   17.70000    ,   9.048293    ,   51.40000    ,   191.8732    ,   109.0000    ,   282.2740    ,   140.0000    ,   374.8716    ,   337.0000    ,   747.5771    ,   14.00000    ,   61.33884    ,   1.400000    ,   7.645687    ,   2.200000    ,   34.52893    ,  -1.000000    ,   140.4544    ,   1.800000    ,   18.77209    ,   22.30000    ,   68.12762    ,   178.0000    ,   449.0902    ,  0.4000000    ,   1.493971    ,   5.000000    ,   62.07097    ,   7.500000    ,   20.27646    ,   199.0000    ,   406.8703    ,   337.0000    ,   984.9700    ,   3.600000    ,   40.51866    ,  0.7000000    ,  0.1386689    ,   62.20000    ,   274.9776    ,   41.40000    ,   155.4061    ,   35.50000    ,   110.3012    ,   1.200000    ,   3.128664    ,   1.000000    ,   1.835906    ,   66.90000    ,   364.9574    ,   1.100000    ,   7.995761    ,   1.800000    ,   23.54573    ,   27.30000    ,   86.97300    ,   22.80000    ,   81.89005    ,   245.0000    ,   1168.575    ,  0.4000000    ,   4.433389    ,   4.500000    ,   13.29410    ,  0.6000000    ,  0.3113825E-01,  -1.000000    ,   1961.810    ,  0.9000000    ,  0.4619248    ,   608.0000    ,   1922.020    ,   6.800000    ,   78.01365    ,   4.500000    ,   44.43274    ,   1.500000    ,   24.99376    ,  -1.000000    ,   10.67462    ,  0.3000000    ,   2.649956    ,   1.400000    ,   9.676835    ,   2.400000    ,   17.53079    ,   2.500000    ,   30.19659    ,  0.3000000    ,   4.352632    ,   112.0000    ,   263.2157    ,   59.50000    ,   117.2779    ,   74.00000    ,   101.1635    ,   117.0000    ,   379.3253    ,   4.300000    ,   46.95822    ,   2.400000    ,   8.262849    ,   1860.000    ,   2521.132    ,  0.3000000    ,   1.142959    ,   2.000000    ,   63.79451    ,   14.70000    ,   109.8497    ,   4.300000    ,   6.797102    ,   17.60000    ,   24.07697    ,   61.40000    ,   67.02785    ,   3120.000    ,   5728.943    ,  -1.000000    ,   5788.850    ,   2260.000    ,   3336.248    ,   24.00000    ,   69.78772    ,   11.70000    ,   48.23905    ,   11.80000    ,   41.43570    ,   168.0000    ,   206.7485    ,   313.0000    ,   797.1662    ,   34.50000    ,   66.25899    ,   11.40000    ,   13.62263    ,   18.70000    ,   33.06102    ,   2.400000    ,   10.11298    ,   3.100000    ,   21.02853    ,  -1.000000    ,   6660.699    ,  -1.000000    ,   6750.612    ,   22.60000    ,   43.04039    ,
           2000,            262,   35.20000    ,   42.28657    ,   9.600000    ,   11.16185    ,   13.50000    ,   13.49267    ,   1.800000    ,   9.859203    ,   58.40000    ,   55.87517    ,   205.0000    ,   231.0523    ,   14.10000    ,   2.485930    ,   142.0000    ,   144.4626    ,   1.400000    ,  0.5707279E-01,   40.30000    ,   27.51801    ,   692.0000    ,   889.5642    ,   377.0000    ,   345.1159    ,   57.10000    ,   61.92411    ,   14.80000    ,   3.342075    ,   91.00000    ,   37.78028    ,   1490.000    ,   1299.540    ,   535.0000    ,   173.4627    ,   17.20000    ,   9.825211    ,   49.20000    ,   183.8937    ,   112.0000    ,   270.0219    ,   140.0000    ,   379.5641    ,   336.0000    ,   743.2814    ,   14.40000    ,   57.73434    ,   1.400000    ,   7.523877    ,   2.200000    ,   32.58084    ,  -1.000000    ,   133.9882    ,   1.700000    ,   18.66911    ,   21.60000    ,   69.34534    ,   181.0000    ,   439.1006    ,  0.4000000    ,   1.596599    ,   4.900000    ,   58.72615    ,   8.600000    ,   18.94265    ,   208.0000    ,   389.0283    ,   347.0000    ,   952.7770    ,   3.500000    ,   38.37856    ,  0.6000000    ,  0.2017425    ,   62.30000    ,   261.7389    ,   41.80000    ,   147.7962    ,   34.10000    ,   104.9465    ,   1.100000    ,   3.210923    ,   1.000000    ,   1.907363    ,   66.70000    ,   349.7693    ,   1.100000    ,   8.086215    ,   1.700000    ,   22.99203    ,   30.20000    ,   82.63526    ,   25.40000    ,   78.34655    ,   243.0000    ,   1174.202    ,  0.4000000    ,   4.329348    ,   4.400000    ,   13.75597    ,  0.6000000    ,  0.3351020E-01,  -1.000000    ,   1990.688    ,  0.9000000    ,  0.5169562    ,   600.0000    ,   1951.354    ,   6.700000    ,   77.17552    ,   4.400000    ,   44.08994    ,   1.500000    ,   24.14880    ,  -1.000000    ,   10.44389    ,  0.3000000    ,   2.805223    ,   1.400000    ,   9.363919    ,   2.300000    ,   17.34212    ,   2.500000    ,   30.06148    ,  0.3000000    ,   4.553089    ,   120.0000    ,   256.8046    ,   59.00000    ,   114.9442    ,   70.00000    ,   102.8264    ,   124.0000    ,   367.3535    ,   5.300000    ,   44.78955    ,   2.800000    ,   7.888387    ,   1780.000    ,   2505.480    ,  0.4000000    ,   1.289785    ,   2.000000    ,   60.40109    ,   14.70000    ,   103.7913    ,   5.200000    ,   6.895898    ,   16.40000    ,   23.94589    ,   65.70000    ,   70.78320    ,   3040.000    ,   5724.208    ,  -1.000000    ,   5775.886    ,   2220.000    ,   3315.945    ,   28.10000    ,   67.75855    ,   12.80000    ,   46.51477    ,   11.80000    ,   39.27554    ,   210.0000    ,   177.3744    ,   312.0000    ,   808.8875    ,   34.90000    ,   64.73751    ,   11.50000    ,   13.14014    ,   19.00000    ,   31.87795    ,   2.400000    ,   9.787678    ,   3.100000    ,   19.63669    ,  -1.000000    ,   6698.069    ,  -1.000000    ,   6832.545    ,   31.00000    ,   40.85880    ,
           2000,            263,   35.10000    ,   42.97988    ,   9.500000    ,   10.97928    ,   13.10000    ,   13.18815    ,   1.900000    ,   9.713617    ,   57.30000    ,   56.32839    ,   203.0000    ,   228.2335    ,   10.30000    ,   2.085459    ,   139.0000    ,   140.6176    ,   1.400000    ,  0.5329915E-01,   23.50000    ,   24.77243    ,   802.0000    ,   879.5391    ,   339.0000    ,   313.3790    ,   60.50000    ,   59.93794    ,   18.30000    ,   3.670524    ,   66.40000    ,   37.44291    ,   1620.000    ,   1285.547    ,   379.0000    ,   175.3819    ,   16.20000    ,   10.41700    ,   45.80000    ,   176.1127    ,   102.0000    ,   257.1972    ,   139.0000    ,   383.2102    ,   339.0000    ,   735.3885    ,   13.40000    ,   54.51189    ,   1.300000    ,   7.379262    ,   2.000000    ,   30.78444    ,  -1.000000    ,   127.8502    ,   1.600000    ,   18.48263    ,   20.90000    ,   70.12756    ,   185.0000    ,   429.0096    ,  0.4000000    ,   1.637624    ,   4.700000    ,   55.60616    ,   7.400000    ,   17.25742    ,   226.0000    ,   371.1207    ,   391.0000    ,   920.3520    ,   3.300000    ,   36.36591    ,  0.7000000    ,  0.1725215    ,   62.80000    ,   246.4139    ,   35.50000    ,   137.5726    ,   27.70000    ,   96.94822    ,   1.800000    ,   3.270185    ,   1.800000    ,   1.961674    ,   65.80000    ,   334.7974    ,   1.100000    ,   8.138919    ,   1.800000    ,   22.52464    ,   30.60000    ,   76.37106    ,   26.10000    ,   72.36967    ,   240.0000    ,   1168.989    ,  0.3000000    ,   4.215813    ,   4.400000    ,   14.20919    ,  0.6000000    ,  0.3739199E-01,  -1.000000    ,   2007.193    ,  0.9000000    ,  0.5684484    ,   597.0000    ,   1981.120    ,   6.700000    ,   76.20977    ,   4.400000    ,   43.65623    ,   1.500000    ,   23.33381    ,  -1.000000    ,   10.20944    ,  0.3000000    ,   2.935371    ,   1.400000    ,   9.056282    ,   2.300000    ,   17.10150    ,   2.500000    ,   29.83979    ,  0.3000000    ,   4.717982    ,   127.0000    ,   256.4257    ,   59.30000    ,   112.8340    ,   65.00000    ,   101.6367    ,   132.0000    ,   366.7532    ,   5.200000    ,   42.42930    ,   2.300000    ,   7.233988    ,   1850.000    ,   2482.381    ,  0.4000000    ,   1.443711    ,   2.000000    ,   57.90613    ,   14.60000    ,   98.08364    ,   5.100000    ,   6.760891    ,   12.00000    ,   25.64215    ,   56.50000    ,   67.53155    ,   2980.000    ,   5688.463    ,  -1.000000    ,   5756.442    ,   2150.000    ,   3279.510    ,   27.90000    ,   67.65589    ,   12.60000    ,   44.77163    ,   12.00000    ,   37.36475    ,   185.0000    ,   173.3916    ,   321.0000    ,   815.3147    ,   34.70000    ,   62.68647    ,   11.70000    ,   12.92453    ,   19.00000    ,   31.17279    ,   2.300000    ,   9.844005    ,   3.000000    ,   18.37464    ,  -1.000000    ,   6718.317    ,  -1.000000    ,   6895.552    ,   29.60000    ,   41.43936    ,
           2000,            264,   34.90000    ,   43.67211    ,   9.400000    ,   10.81089    ,   12.70000    ,   12.91433    ,   1.900000    ,   9.537141    ,   56.40000    ,   56.82407    ,   201.0000    ,   225.3809    ,   8.900000    ,   2.507045    ,   138.0000    ,   136.8461    ,   1.300000    ,  0.5236903E-01,   19.00000    ,   20.72457    ,   789.0000    ,   870.8325    ,   279.0000    ,   284.4655    ,   57.10000    ,   54.33787    ,   11.50000    ,   2.496853    ,   59.80000    ,   32.56317    ,   1410.000    ,   1270.507    ,   285.0000    ,   170.9132    ,   15.60000    ,   10.97065    ,   41.70000    ,   168.7096    ,   92.20000    ,   244.8087    ,   137.0000    ,   385.9123    ,   339.0000    ,   720.4385    ,   12.30000    ,   51.00060    ,   1.200000    ,   7.235258    ,   2.000000    ,   29.12202    ,  -1.000000    ,   122.1596    ,   1.500000    ,   18.24704    ,   20.30000    ,   70.65842    ,   189.0000    ,   418.6363    ,  0.4000000    ,   1.672271    ,   4.600000    ,   52.70988    ,   6.400000    ,   15.78169    ,   169.0000    ,   354.2360    ,   415.0000    ,   886.7151    ,   3.200000    ,   34.51096    ,  0.7000000    ,  0.1560244    ,   61.50000    ,   232.9358    ,   34.60000    ,   126.7540    ,   27.70000    ,   87.92828    ,   1.800000    ,   3.267940    ,   1.600000    ,   1.968495    ,   65.10000    ,   320.1127    ,   1.100000    ,   8.085599    ,   1.800000    ,   21.95607    ,   26.80000    ,   69.16264    ,   22.00000    ,   64.92022    ,   236.0000    ,   1155.344    ,  0.3000000    ,   4.101958    ,   4.300000    ,   14.39650    ,  0.6000000    ,  0.3820696E-01,  -1.000000    ,   2010.331    ,  0.9000000    ,  0.5967559    ,   605.0000    ,   2008.852    ,   6.700000    ,   74.82517    ,   4.400000    ,   43.03479    ,   1.500000    ,   22.42119    ,  -1.000000    ,   9.975466    ,  0.3000000    ,   3.025711    ,   1.300000    ,   8.758182    ,   2.200000    ,   16.79943    ,   2.500000    ,   29.46291    ,  0.3000000    ,   4.823993    ,   132.0000    ,   246.3094    ,   58.50000    ,   110.8453    ,   60.00000    ,   91.32266    ,   138.0000    ,   356.1596    ,   4.300000    ,   40.38020    ,   2.100000    ,   6.722403    ,   1950.000    ,   2449.783    ,  0.5000000    ,   1.592292    ,   2.000000    ,   51.63805    ,   14.20000    ,   92.74710    ,   4.600000    ,   6.298419    ,   11.20000    ,   19.92573    ,   52.00000    ,   54.07293    ,   2960.000    ,   5666.371    ,  -1.000000    ,   5721.566    ,   2250.000    ,   3233.863    ,   23.20000    ,   53.33375    ,   11.60000    ,   42.80485    ,   11.00000    ,   35.03892    ,   151.0000    ,   172.1934    ,   322.0000    ,   817.0241    ,   33.00000    ,   60.35026    ,   11.60000    ,   11.73418    ,   18.50000    ,   28.69371    ,   2.300000    ,   8.566334    ,   3.000000    ,   17.01138    ,  -1.000000    ,   6721.992    ,  -1.000000    ,   6938.320    ,   24.80000    ,   32.37184    ,
           2000,            265,   34.70000    ,   44.36308    ,   8.900000    ,   10.65684    ,   12.50000    ,   12.66973    ,   1.800000    ,   9.364556    ,   55.00000    ,   57.35905    ,   197.0000    ,   222.5025    ,   7.900000    ,   2.262586    ,   136.0000    ,   133.1563    ,   1.300000    ,  0.5335663E-01,   15.90000    ,   18.59532    ,   681.0000    ,   856.2180    ,   243.0000    ,   248.7640    ,   52.30000    ,   46.71643    ,   9.600000    ,   2.764945    ,   53.80000    ,   32.38784    ,   1200.000    ,   1255.364    ,   243.0000    ,   169.1518    ,   14.30000    ,   11.48854    ,   37.90000    ,   161.7316    ,   85.40000    ,   233.1034    ,   135.0000    ,   387.2959    ,   327.0000    ,   702.4248    ,   11.50000    ,   48.37573    ,   1.100000    ,   7.093583    ,   1.900000    ,   27.58043    ,  -1.000000    ,   116.5479    ,   1.500000    ,   17.97890    ,   20.00000    ,   71.00832    ,   190.0000    ,   408.2526    ,  0.4000000    ,   1.723214    ,   4.400000    ,   50.18482    ,   5.900000    ,   15.11158    ,   129.0000    ,   330.8476    ,   379.0000    ,   852.2899    ,   3.100000    ,   32.99498    ,  0.7000000    ,  0.1919221    ,   61.50000    ,   217.6421    ,   36.20000    ,   120.4516    ,   27.60000    ,   83.68037    ,   1.800000    ,   3.361766    ,   1.800000    ,   2.064728    ,   65.00000    ,   305.7186    ,   1.100000    ,   8.056024    ,   1.800000    ,   21.41428    ,   26.10000    ,   67.22700    ,   20.60000    ,   58.10127    ,   234.0000    ,   1135.332    ,  0.3000000    ,   3.993681    ,   4.200000    ,   14.52423    ,  0.5000000    ,  0.3869458E-01,  -1.000000    ,   2000.680    ,  0.9000000    ,  0.6292391    ,   615.0000    ,   2035.051    ,   6.700000    ,   73.68384    ,   4.500000    ,   42.41171    ,   1.500000    ,   21.71127    ,  -1.000000    ,   9.758072    ,  0.3000000    ,   3.114154    ,   1.300000    ,   8.467876    ,   2.100000    ,   16.49846    ,   2.500000    ,   29.07294    ,  0.3000000    ,   4.923182    ,   129.0000    ,   229.4418    ,   57.00000    ,   108.8075    ,   55.40000    ,   78.37012    ,   137.0000    ,   338.2166    ,   4.400000    ,   38.48291    ,   2.000000    ,   6.253388    ,   1850.000    ,   2412.929    ,  0.5000000    ,   1.741073    ,   2.000000    ,   50.34493    ,   14.10000    ,   87.49326    ,   4.300000    ,   6.312789    ,   8.400000    ,   20.69486    ,   44.90000    ,   43.68198    ,   3110.000    ,   5613.468    ,  -1.000000    ,   5667.214    ,   2320.000    ,   3175.592    ,   21.60000    ,   54.49503    ,   12.00000    ,   41.18704    ,   10.70000    ,   32.97310    ,   135.0000    ,   151.7471    ,   334.0000    ,   814.5563    ,   31.70000    ,   57.92703    ,   11.40000    ,   11.81194    ,   18.10000    ,   28.57801    ,   2.300000    ,   8.672746    ,   3.100000    ,   15.95353    ,  -1.000000    ,   6708.914    ,  -1.000000    ,   6963.750    ,   22.00000    ,   33.83745    ,
           2000,            266,   34.50000    ,   45.02711    ,   8.700000    ,   10.50504    ,   12.50000    ,   12.43634    ,   1.800000    ,   9.196591    ,   54.50000    ,   57.92205    ,   193.0000    ,   219.5637    ,   6.800000    ,   2.274321    ,   133.0000    ,   129.5499    ,   1.200000    ,  0.4934800E-01,   14.00000    ,   17.84934    ,   591.0000    ,   828.4244    ,   211.0000    ,   226.9711    ,   46.70000    ,   42.38825    ,   8.600000    ,   2.943747    ,   46.40000    ,   32.64088    ,   980.0000    ,   1238.972    ,   204.0000    ,   173.2609    ,   13.60000    ,   11.91285    ,   34.40000    ,   155.1210    ,   78.40000    ,   221.9863    ,   134.0000    ,   387.7329    ,   314.0000    ,   683.8621    ,   10.70000    ,   45.80059    ,   1.100000    ,   6.932627    ,   1.800000    ,   26.15124    ,  -1.000000    ,   111.4758    ,   1.400000    ,   17.66848    ,   19.60000    ,   71.10851    ,   181.0000    ,   397.4785    ,  0.4000000    ,   1.739561    ,   4.300000    ,   47.80154    ,   5.200000    ,   14.13076    ,   118.0000    ,   311.3095    ,   349.0000    ,   815.1876    ,   3.000000    ,   31.43929    ,  0.7000000    ,  0.1725688    ,   60.90000    ,   207.7447    ,   35.60000    ,   113.3186    ,   27.60000    ,   78.12996    ,   2.400000    ,   3.354107    ,   2.200000    ,   2.062065    ,   63.30000    ,   291.4710    ,   1.100000    ,   7.996240    ,   1.700000    ,   20.89434    ,   22.40000    ,   62.26128    ,   16.30000    ,   55.97499    ,   231.0000    ,   1110.595    ,  0.3000000    ,   3.886727    ,   4.200000    ,   14.60278    ,  0.5000000    ,  0.3884414E-01,  -1.000000    ,   1974.947    ,  0.9000000    ,  0.6575641    ,   623.0000    ,   2054.837    ,   6.600000    ,   72.28075    ,   4.300000    ,   41.70120    ,   1.400000    ,   20.93802    ,  -1.000000    ,   9.525443    ,  0.3000000    ,   3.174804    ,   1.200000    ,   8.182606    ,   2.000000    ,   16.17306    ,   2.400000    ,   28.61794    ,  0.3000000    ,   4.985776    ,   126.0000    ,   216.4658    ,   56.70000    ,   106.4926    ,   52.20000    ,   68.73403    ,   134.0000    ,   321.9591    ,   3.700000    ,   36.89265    ,   1.700000    ,   5.937095    ,   1690.000    ,   2372.878    ,  0.5000000    ,   1.883621    ,   1.900000    ,   46.63147    ,   14.60000    ,   82.58926    ,   4.000000    ,   6.218561    ,   7.100000    ,   17.35803    ,   37.00000    ,   40.01319    ,   3070.000    ,   5551.463    ,  -1.000000    ,   5608.857    ,   2200.000    ,   3103.157    ,   18.30000    ,   46.43834    ,   10.60000    ,   39.49428    ,   9.400000    ,   31.16965    ,   104.0000    ,   134.0083    ,   330.0000    ,   808.4710    ,   29.30000    ,   56.04163    ,   10.90000    ,   11.39779    ,   17.10000    ,   27.48058    ,   2.200000    ,   8.310758    ,   3.100000    ,   14.91783    ,  -1.000000    ,   6678.023    ,  -1.000000    ,   6970.411    ,   17.30000    ,   31.89889    ,
           2000,            267,   34.40000    ,   45.66697    ,   8.600000    ,   10.36496    ,   12.40000    ,   12.21308    ,   1.700000    ,   9.023229    ,   53.60000    ,   58.46259    ,   190.0000    ,   216.6178    ,   6.200000    ,   2.327349    ,   131.0000    ,   126.0273    ,   1.200000    ,  0.4496528E-01,   13.10000    ,   15.45798    ,   525.0000    ,   791.1483    ,   193.0000    ,   193.5927    ,   42.40000    ,   40.31400    ,   8.000000    ,   2.833558    ,   44.00000    ,   30.79278    ,   880.0000    ,   1220.002    ,   177.0000    ,   173.8293    ,   12.80000    ,   12.27023    ,   31.40000    ,   148.8425    ,   72.20000    ,   211.5728    ,   131.0000    ,   387.2844    ,   300.0000    ,   668.6931    ,   9.900000    ,   43.79826    ,   1.000000    ,   6.775692    ,   1.600000    ,   24.81949    ,  -1.000000    ,   106.7457    ,   1.400000    ,   17.34857    ,   19.30000    ,   71.09368    ,   172.0000    ,   386.4919    ,  0.3000000    ,   1.748778    ,   4.200000    ,   45.63102    ,   4.800000    ,   13.90104    ,   107.0000    ,   290.5468    ,   318.0000    ,   778.3773    ,   2.900000    ,   30.10574    ,  0.6000000    ,  0.1617424    ,   60.00000    ,   197.1504    ,   34.60000    ,   108.7890    ,   27.60000    ,   75.30474    ,   2.000000    ,   3.310106    ,   1.800000    ,   2.034842    ,   61.80000    ,   277.4942    ,   1.100000    ,   7.930487    ,   1.700000    ,   20.38656    ,   20.60000    ,   59.73587    ,   14.20000    ,   51.60706    ,   227.0000    ,   1082.348    ,  0.4000000    ,   3.785695    ,   4.100000    ,   14.64796    ,  0.5000000    ,  0.3950482E-01,  -1.000000    ,   1941.448    ,  0.9000000    ,  0.6843994    ,   615.0000    ,   2067.913    ,   6.400000    ,   70.94261    ,   4.200000    ,   40.96586    ,   1.400000    ,   20.27672    ,  -1.000000    ,   9.309658    ,  0.3000000    ,   3.226463    ,   1.100000    ,   7.914611    ,   1.900000    ,   15.84524    ,   2.400000    ,   28.13578    ,  0.3000000    ,   5.033412    ,   121.0000    ,   202.9095    ,   56.20000    ,   103.9222    ,   47.10000    ,   61.37173    ,   129.0000    ,   305.2944    ,   3.300000    ,   35.50386    ,   1.600000    ,   5.713968    ,   1530.000    ,   2334.941    ,  0.4000000    ,   2.015684    ,   1.900000    ,   45.43860    ,   14.40000    ,   77.92027    ,   3.900000    ,   6.221846    ,   6.700000    ,   19.47584    ,   34.10000    ,   50.68442    ,   2910.000    ,   5475.783    ,  -1.000000    ,   5520.958    ,   2050.000    ,   3031.811    ,   16.40000    ,   46.80820    ,   9.800000    ,   37.92556    ,   8.700000    ,   29.51177    ,   91.00000    ,   120.7661    ,   323.0000    ,   799.2234    ,   27.50000    ,   54.07866    ,   10.20000    ,   10.99258    ,   16.10000    ,   26.57602    ,   2.200000    ,   8.114093    ,   3.100000    ,   14.05034    ,  -1.000000    ,   6630.270    ,  -1.000000    ,   6959.128    ,   14.10000    ,   31.51259    ,
           2000,            268,   34.50000    ,   46.29626    ,   8.600000    ,   10.23684    ,   12.30000    ,   12.00198    ,   1.700000    ,   8.854824    ,   53.10000    ,   58.98460    ,   188.0000    ,   213.6560    ,   5.500000    ,   2.383878    ,   131.0000    ,   122.5905    ,   1.100000    ,  0.4288230E-01,   12.20000    ,   13.84715    ,   475.0000    ,   750.9929    ,   180.0000    ,   187.7873    ,   39.00000    ,   40.83815    ,   7.300000    ,   2.640468    ,   40.20000    ,   29.87570    ,   808.0000    ,   1196.595    ,   159.0000    ,   172.4389    ,   12.00000    ,   12.59841    ,   28.50000    ,   142.8362    ,   67.90000    ,   201.5253    ,   128.0000    ,   386.0150    ,   285.0000    ,   652.2061    ,   9.400000    ,   41.88453    ,  0.9000000    ,   6.619648    ,   1.600000    ,   23.57837    ,  -1.000000    ,   102.5356    ,   1.500000    ,   17.02394    ,   18.80000    ,   70.99043    ,   163.0000    ,   375.6674    ,  0.3000000    ,   1.755625    ,   4.100000    ,   43.61885    ,   4.500000    ,   13.46464    ,   102.0000    ,   278.2449    ,   292.0000    ,   745.8960    ,   2.800000    ,   28.82230    ,  0.6000000    ,  0.1610480    ,   59.00000    ,   189.2018    ,   35.10000    ,   104.4860    ,   27.60000    ,   72.39259    ,   1.800000    ,   3.284255    ,   1.600000    ,   2.025115    ,   60.90000    ,   263.9179    ,   1.100000    ,   7.866911    ,   1.700000    ,   19.90825    ,   19.30000    ,   57.08017    ,   12.90000    ,   50.54112    ,   223.0000    ,   1051.504    ,  0.3000000    ,   3.687541    ,   4.000000    ,   14.66593    ,  0.5000000    ,  0.4070440E-01,  -1.000000    ,   1900.647    ,  0.9000000    ,  0.7122249    ,   596.0000    ,   2072.299    ,   6.200000    ,   69.64559    ,   4.100000    ,   40.24680    ,   1.400000    ,   19.64369    ,  -1.000000    ,   9.104280    ,  0.3000000    ,   3.273869    ,   1.100000    ,   7.659380    ,   1.800000    ,   15.52884    ,   2.400000    ,   27.66036    ,  0.3000000    ,   5.074933    ,   114.0000    ,   197.0807    ,   55.00000    ,   101.1390    ,   42.60000    ,   60.11256    ,   123.0000    ,   295.0788    ,   3.100000    ,   34.29701    ,   1.500000    ,   5.583436    ,   1390.000    ,   2293.281    ,  0.4000000    ,   2.145145    ,   1.900000    ,   43.96950    ,   14.20000    ,   73.64240    ,   3.700000    ,   6.165636    ,   6.600000    ,   19.55827    ,   34.80000    ,   52.63864    ,   2720.000    ,   5397.596    ,  -1.000000    ,   5465.025    ,   1900.000    ,   2966.054    ,   15.20000    ,   48.75301    ,   9.300000    ,   36.41316    ,   8.100000    ,   28.10189    ,   90.10000    ,   133.2215    ,   314.0000    ,   787.2407    ,   26.20000    ,   52.18643    ,   9.600000    ,   10.67255    ,   15.30000    ,   25.71432    ,   2.100000    ,   7.936321    ,   3.000000    ,   13.28296    ,  -1.000000    ,   6565.676    ,  -1.000000    ,   6930.309    ,   12.50000    ,   31.05442    ,
           2000,            269,   34.40000    ,   46.91994    ,   8.700000    ,   10.11862    ,   12.10000    ,   11.79544    ,   1.600000    ,   8.683023    ,   53.00000    ,   59.50041    ,   186.0000    ,   210.6742    ,   5.000000    ,   2.357013    ,   130.0000    ,   119.2402    ,   1.000000    ,  0.4262139E-01,   11.80000    ,   12.90668    ,   437.0000    ,   708.7661    ,   172.0000    ,   186.1523    ,   36.30000    ,   41.30040    ,   6.900000    ,   2.754431    ,   37.20000    ,   29.38116    ,   746.0000    ,   1167.816    ,   146.0000    ,   172.1811    ,   11.40000    ,   12.87452    ,   26.00000    ,   137.0841    ,   64.10000    ,   191.9597    ,   126.0000    ,   383.8430    ,   273.0000    ,   636.0338    ,   9.100000    ,   39.90511    ,  0.9000000    ,   6.462075    ,   1.600000    ,   22.42562    ,  -1.000000    ,   98.64779    ,   1.400000    ,   16.69522    ,   18.60000    ,   70.79326    ,   154.0000    ,   365.1135    ,  0.3000000    ,   1.756530    ,   4.000000    ,   41.76231    ,   4.300000    ,   12.97107    ,   96.00000    ,   267.3727    ,   277.0000    ,   719.0451    ,   2.800000    ,   27.64319    ,  0.6000000    ,  0.1636843    ,   58.30000    ,   181.3604    ,   34.40000    ,   100.5551    ,   27.60000    ,   69.79638    ,   1.700000    ,   3.261565    ,   1.500000    ,   2.019325    ,   60.10000    ,   250.9456    ,   1.100000    ,   7.793302    ,   1.700000    ,   19.45097    ,   18.30000    ,   55.19946    ,   12.00000    ,   49.40721    ,   220.0000    ,   1018.779    ,  0.3000000    ,   3.593693    ,   3.900000    ,   14.67090    ,  0.4000000    ,  0.4349148E-01,  -1.000000    ,   1860.516    ,  0.9000000    ,  0.7398026    ,   573.0000    ,   2067.396    ,   6.100000    ,   68.34429    ,   4.100000    ,   39.52601    ,   1.300000    ,   19.03933    ,  -1.000000    ,   8.905544    ,  0.3000000    ,   3.307140    ,   1.000000    ,   7.416231    ,   1.800000    ,   15.21313    ,   2.500000    ,   27.17784    ,  0.3000000    ,   5.098363    ,   109.0000    ,   194.3190    ,   53.70000    ,   98.34064    ,   40.10000    ,   60.96959    ,   117.0000    ,   290.0286    ,   3.000000    ,   33.13948    ,   1.500000    ,   5.427832    ,   1280.000    ,   2246.527    ,  0.4000000    ,   2.271639    ,   1.800000    ,   42.36236    ,   14.20000    ,   69.80824    ,   3.600000    ,   6.095417    ,   6.500000    ,   19.63032    ,   35.60000    ,   51.99413    ,   2520.000    ,   5328.451    ,  -1.000000    ,   5377.512    ,   1750.000    ,   2903.934    ,   14.50000    ,   48.56766    ,   8.800000    ,   34.94376    ,   7.600000    ,   26.84886    ,   97.60000    ,   137.1671    ,   304.0000    ,   772.9007    ,   25.30000    ,   50.34787    ,   9.100000    ,   10.34727    ,   14.70000    ,   24.78858    ,   2.100000    ,   7.721708    ,   3.000000    ,   12.56588    ,  -1.000000    ,   6489.875    ,  -1.000000    ,   6884.503    ,   12.70000    ,   30.18133    ,
           2000,            270,   33.60000    ,   47.54370    ,   8.600000    ,   10.00898    ,   11.80000    ,   11.58980    ,   1.600000    ,   8.503005    ,   52.50000    ,   60.00677    ,   184.0000    ,   207.6915    ,   4.700000    ,   2.338259    ,   128.0000    ,   115.9765    ,   1.000000    ,  0.4318096E-01,   11.60000    ,   12.13589    ,   408.0000    ,   671.8560    ,   167.0000    ,   191.9150    ,   34.20000    ,   41.12872    ,   6.500000    ,   2.563564    ,   34.70000    ,   28.26478    ,   694.0000    ,   1133.935    ,   139.0000    ,   169.8732    ,   10.90000    ,   13.09206    ,   23.90000    ,   131.5957    ,   60.40000    ,   183.0851    ,   124.0000    ,   380.6593    ,   262.0000    ,   620.6230    ,   8.800000    ,   38.01123    ,  0.9000000    ,   6.306942    ,   1.600000    ,   21.40544    ,  -1.000000    ,   94.89539    ,   1.400000    ,   16.36323    ,   18.30000    ,   70.50857    ,   146.0000    ,   354.7479    ,  0.3000000    ,   1.751645    ,   3.900000    ,   40.11744    ,   4.200000    ,   12.39514    ,   102.0000    ,   257.6489    ,   262.0000    ,   695.2870    ,   2.700000    ,   26.52240    ,  0.6000000    ,  0.1691024    ,   57.60000    ,   174.1765    ,   34.20000    ,   96.33880    ,   26.60000    ,   66.81869    ,   1.600000    ,   3.239130    ,   1.400000    ,   2.014442    ,   58.70000    ,   238.7764    ,   1.100000    ,   7.710745    ,   1.700000    ,   19.00264    ,   17.80000    ,   52.77435    ,   11.50000    ,   48.36058    ,   217.0000    ,   984.8069    ,  0.3000000    ,   3.503118    ,   3.800000    ,   14.65845    ,  0.4000000    ,  0.4568150E-01,  -1.000000    ,   1816.828    ,  0.9000000    ,  0.7651496    ,   551.0000    ,   2053.906    ,   6.000000    ,   67.03028    ,   4.000000    ,   38.80548    ,   1.300000    ,   18.44221    ,  -1.000000    ,   8.711757    ,  0.3000000    ,   3.331825    ,   1.000000    ,   7.185113    ,   1.800000    ,   14.90389    ,   2.400000    ,   26.69466    ,  0.3000000    ,   5.111151    ,   105.0000    ,   192.0863    ,   53.10000    ,   95.64593    ,   36.90000    ,   61.70121    ,   113.0000    ,   286.0578    ,   2.800000    ,   31.98773    ,   1.400000    ,   5.242017    ,   1190.000    ,   2195.169    ,  0.4000000    ,   2.391369    ,   1.700000    ,   40.16845    ,   14.20000    ,   66.37919    ,   3.400000    ,   5.980204    ,   6.500000    ,   18.47894    ,   35.50000    ,   49.34223    ,   2350.000    ,   5246.351    ,  -1.000000    ,   5300.152    ,   1620.000    ,   2842.960    ,   14.30000    ,   45.44341    ,   8.400000    ,   33.54753    ,   7.200000    ,   25.64986    ,   102.0000    ,   135.4512    ,   294.0000    ,   756.5783    ,   24.30000    ,   48.52199    ,   8.500000    ,   10.03704    ,   14.10000    ,   23.97174    ,   2.900000    ,   7.448227    ,   3.000000    ,   11.91452    ,  -1.000000    ,   6405.660    ,  -1.000000    ,   6823.665    ,   13.00000    ,   29.23029    ,
           2000,            271,   33.30000    ,   48.17288    ,   8.400000    ,   9.907447    ,   11.60000    ,   11.38811    ,   1.600000    ,   8.312186    ,   52.20000    ,   60.50450    ,   183.0000    ,   204.7135    ,   4.400000    ,   2.333798    ,   127.0000    ,   112.7991    ,   1.000000    ,  0.4320526E-01,   11.40000    ,   11.66862    ,   385.0000    ,   640.5397    ,   163.0000    ,   200.0719    ,   32.60000    ,   40.43615    ,   6.200000    ,   2.745927    ,   32.40000    ,   27.92972    ,   659.0000    ,   1096.752    ,   134.0000    ,   169.0677    ,   10.40000    ,   13.26428    ,   22.50000    ,   126.3704    ,   57.00000    ,   174.7225    ,   121.0000    ,   376.6097    ,   251.0000    ,   605.5344    ,   8.500000    ,   36.17830    ,  0.8000000    ,   6.154920    ,   1.600000    ,   20.46841    ,  -1.000000    ,   91.29157    ,   1.300000    ,   16.03336    ,   17.80000    ,   70.15298    ,   139.0000    ,   344.5443    ,  0.3000000    ,   1.742991    ,   3.800000    ,   38.57429    ,   4.100000    ,   11.80928    ,   101.0000    ,   248.0086    ,   251.0000    ,   672.8730    ,   2.700000    ,   25.47357    ,  0.6000000    ,  0.1742195    ,   56.60000    ,   166.9656    ,   29.60000    ,   92.26415    ,   22.20000    ,   63.84297    ,   1.500000    ,   3.214571    ,   1.300000    ,   2.007746    ,   57.30000    ,   227.4920    ,   1.100000    ,   7.619388    ,   1.700000    ,   18.56343    ,   17.40000    ,   50.35727    ,   11.20000    ,   46.39330    ,   214.0000    ,   950.1729    ,  0.3000000    ,   3.415886    ,   3.700000    ,   14.62414    ,  0.4000000    ,  0.4809176E-01,  -1.000000    ,   1770.732    ,  0.9000000    ,  0.7883989    ,   531.0000    ,   2033.175    ,   5.800000    ,   65.72540    ,   4.000000    ,   38.09578    ,   1.300000    ,   17.86210    ,  -1.000000    ,   8.521164    ,  0.3000000    ,   3.346383    ,  0.9000000    ,   6.960272    ,   1.700000    ,   14.60220    ,   2.400000    ,   26.21956    ,  0.3000000    ,   5.111499    ,   102.0000    ,   188.6660    ,   52.70000    ,   93.15585    ,   35.40000    ,   60.37561    ,   110.0000    ,   281.3398    ,   2.700000    ,   30.86748    ,   1.400000    ,   5.026906    ,   1120.000    ,   2139.441    ,  0.4000000    ,   2.501981    ,   1.800000    ,   37.77507    ,   14.10000    ,   63.24327    ,   3.300000    ,   5.806544    ,   6.200000    ,   15.96358    ,   35.50000    ,   41.60075    ,   2210.000    ,   5150.487    ,  -1.000000    ,   5198.543    ,   1520.000    ,   2777.843    ,   14.10000    ,   40.78706    ,   8.100000    ,   32.19991    ,   6.700000    ,   24.50796    ,   100.0000    ,   123.9380    ,   285.0000    ,   738.6545    ,   23.30000    ,   46.73199    ,   8.000000    ,   9.624750    ,   13.50000    ,   22.97960    ,   3.000000    ,   7.106698    ,   3.000000    ,   11.29970    ,  -1.000000    ,   6313.695    ,  -1.000000    ,   6750.381    ,   12.50000    ,   27.21447    ,
           2000,            272,   33.20000    ,   48.81894    ,   8.200000    ,   9.814454    ,   11.40000    ,   11.19783    ,   1.500000    ,   8.112968    ,   51.90000    ,   61.00381    ,   181.0000    ,   201.7580    ,   4.700000    ,   2.432930    ,   126.0000    ,   109.7070    ,  0.9000000    ,  0.4290343E-01,   11.00000    ,   13.04495    ,   367.0000    ,   615.3221    ,   159.0000    ,   201.4062    ,   31.20000    ,   38.37381    ,   5.900000    ,   2.674654    ,   30.60000    ,   28.62932    ,   632.0000    ,   1058.422    ,   129.0000    ,   166.9556    ,   10.00000    ,   13.38597    ,   20.90000    ,   121.4099    ,   54.30000    ,   166.8636    ,   119.0000    ,   371.7365    ,   242.0000    ,   591.9831    ,   8.200000    ,   34.23518    ,  0.8000000    ,   6.006559    ,   1.500000    ,   19.59245    ,  -1.000000    ,   87.82617    ,   1.300000    ,   15.70831    ,   17.20000    ,   69.73428    ,   133.0000    ,   334.4140    ,  0.3000000    ,   1.730118    ,   3.800000    ,   37.13206    ,   4.000000    ,   10.87079    ,   101.0000    ,   238.2505    ,   243.0000    ,   650.8320    ,   2.600000    ,   24.48995    ,  0.6000000    ,  0.1779633    ,   55.40000    ,   160.2348    ,   26.50000    ,   88.46474    ,   20.00000    ,   61.15724    ,   1.400000    ,   3.185600    ,   1.200000    ,   1.996969    ,   56.00000    ,   217.0708    ,   1.000000    ,   7.522860    ,   1.700000    ,   18.13620    ,   17.10000    ,   48.17646    ,   11.20000    ,   44.35524    ,   211.0000    ,   915.4075    ,  0.3000000    ,   3.330485    ,   3.700000    ,   14.56862    ,  0.4000000    ,  0.5084668E-01,  -1.000000    ,   1721.806    ,  0.9000000    ,  0.8081594    ,   513.0000    ,   2006.151    ,   5.700000    ,   64.37463    ,   3.900000    ,   37.38553    ,   1.300000    ,   17.26128    ,  -1.000000    ,   8.333009    ,  0.3000000    ,   3.353386    ,  0.9000000    ,   6.748773    ,   1.600000    ,   14.30764    ,   2.400000    ,   25.74500    ,  0.3000000    ,   5.102596    ,   99.50000    ,   182.2855    ,   52.70000    ,   90.72083    ,   33.10000    ,   54.42172    ,   107.0000    ,   274.6833    ,   2.500000    ,   29.81065    ,   1.300000    ,   4.825718    ,   1070.000    ,   2081.651    ,  0.4000000    ,   2.602768    ,   1.800000    ,   34.90493    ,   12.00000    ,   60.27377    ,   3.200000    ,   5.613037    ,   6.300000    ,   12.15251    ,   34.10000    ,   25.48768    ,   2090.000    ,   5042.271    ,  -1.000000    ,   5097.566    ,   1440.000    ,   2708.773    ,   13.80000    ,   36.17015    ,   7.800000    ,   30.88286    ,   6.500000    ,   23.31359    ,   95.40000    ,   95.94747    ,   275.0000    ,   719.4990    ,   22.50000    ,   44.94300    ,   7.500000    ,   9.283774    ,   13.00000    ,   22.12533    ,   2.100000    ,   6.618242    ,   3.000000    ,   10.72047    ,  -1.000000    ,   6212.695    ,  -1.000000    ,   6666.498    ,   12.20000    ,   24.12959    ,
           2000,            273,   33.20000    ,   49.50522    ,   8.100000    ,   9.732494    ,   11.60000    ,   11.03379    ,   1.500000    ,   7.924961    ,   51.50000    ,   61.53048    ,   180.0000    ,   198.8631    ,   12.40000    ,   3.052484    ,   124.0000    ,   106.7001    ,  0.9000000    ,  0.4800809E-01,   12.70000    ,   14.04370    ,   354.0000    ,   595.9030    ,   157.0000    ,   190.3872    ,   30.10000    ,   35.91193    ,   6.000000    ,   2.660103    ,   30.90000    ,   27.78609    ,   611.0000    ,   1021.147    ,   132.0000    ,   165.9562    ,   9.700000    ,   13.51686    ,   19.90000    ,   116.7320    ,   52.20000    ,   159.4934    ,   119.0000    ,   366.1842    ,   237.0000    ,   580.8554    ,   8.100000    ,   32.82070    ,  0.8000000    ,   5.880449    ,   1.600000    ,   18.78790    ,  -1.000000    ,   84.39882    ,   1.300000    ,   15.38957    ,   17.00000    ,   69.27773    ,   129.0000    ,   324.8642    ,  0.3000000    ,   2.020493    ,   3.900000    ,   35.78693    ,   4.800000    ,   10.49222    ,   127.0000    ,   225.6180    ,   237.0000    ,   628.0374    ,   2.800000    ,   23.57789    ,  0.6000000    ,  0.8252583    ,   55.70000    ,   154.0487    ,   27.50000    ,   82.95048    ,   20.10000    ,   56.46540    ,   1.600000    ,   3.262617    ,   1.500000    ,   2.072689    ,   55.30000    ,   207.4809    ,   1.100000    ,   7.578410    ,   1.800000    ,   17.79062    ,   19.80000    ,   44.27003    ,   13.50000    ,   40.70285    ,   209.0000    ,   880.9742    ,  0.4000000    ,   3.295073    ,   3.700000    ,   14.55499    ,  0.4000000    ,  0.8040818E-01,  -1.000000    ,   1669.964    ,   1.000000    ,  0.9081673    ,   496.0000    ,   1974.817    ,   5.600000    ,   63.32253    ,   3.900000    ,   36.81711    ,   1.300000    ,   16.83644    ,  -1.000000    ,   8.164587    ,  0.3000000    ,   3.406687    ,  0.9000000    ,   6.548679    ,   1.600000    ,   14.11355    ,   2.400000    ,   25.40193    ,  0.3000000    ,   5.146164    ,   99.00000    ,   173.7095    ,   51.90000    ,   88.12209    ,   31.50000    ,   54.97458    ,   106.0000    ,   262.6761    ,   2.500000    ,   28.97452    ,   1.300000    ,   4.799307    ,   1030.000    ,   2026.582    ,  0.4000000    ,   2.709904    ,   1.700000    ,   35.16396    ,   11.60000    ,   57.41725    ,   3.300000    ,   5.674283    ,   10.10000    ,   15.01139    ,   42.60000    ,   47.21011    ,   2000.000    ,   4929.624    ,  -1.000000    ,   4976.305    ,   1380.000    ,   2635.511    ,   16.70000    ,   38.56098    ,   8.900000    ,   29.78611    ,   14.80000    ,   22.41460    ,   121.0000    ,   95.72114    ,   270.0000    ,   699.5064    ,   26.20000    ,   43.35796    ,   7.400000    ,   9.097182    ,   14.70000    ,   21.56183    ,   9.200000    ,   14.24337    ,   4.400000    ,   13.67881    ,  -1.000000    ,   6101.085    ,  -1.000000    ,   6581.464    ,   27.80000    ,   25.43243    ,
           2000,            274,   33.20000    ,   50.25206    ,   8.500000    ,   9.656754    ,   12.80000    ,   10.88297    ,   1.500000    ,   7.747051    ,   51.00000    ,   62.10738    ,   178.0000    ,   196.0291    ,   13.50000    ,   3.073735    ,   127.0000    ,   103.7788    ,  0.9000000    ,  0.5217442E-01,   27.50000    ,   12.49463    ,   350.0000    ,   579.1842    ,   204.0000    ,   179.5549    ,   31.30000    ,   35.43817    ,   10.80000    ,   2.112466    ,   59.20000    ,   26.22564    ,   614.0000    ,   986.6414    ,   250.0000    ,   168.7931    ,   9.500000    ,   13.66739    ,   19.90000    ,   112.3161    ,   54.90000    ,   152.7935    ,   116.0000    ,   360.1782    ,   232.0000    ,   567.2819    ,   10.20000    ,   31.93187    ,  0.8000000    ,   5.742047    ,   1.500000    ,   18.02752    ,  -1.000000    ,   81.35926    ,   1.200000    ,   15.07867    ,   16.90000    ,   68.78561    ,   131.0000    ,   315.9845    ,  0.3000000    ,   1.808465    ,   4.200000    ,   34.63051    ,   9.500000    ,   11.03777    ,   168.0000    ,   214.6975    ,   233.0000    ,   604.2172    ,   3.100000    ,   22.81111    ,  0.6000000    ,  0.3750027    ,   56.40000    ,   149.1801    ,   28.70000    ,   84.91953    ,   20.10000    ,   59.45028    ,   2.200000    ,   3.255119    ,   2.000000    ,   2.074031    ,   55.00000    ,   198.4301    ,   1.200000    ,   7.472907    ,   1.900000    ,   17.54836    ,   32.60000    ,   47.08311    ,   31.10000    ,   42.20004    ,   207.0000    ,   847.2294    ,  0.5000000    ,   3.197646    ,   3.600000    ,   14.84880    ,  0.8000000    ,  0.1163724    ,  -1.000000    ,   1615.611    ,   1.000000    ,  0.9654072    ,   484.0000    ,   1938.830    ,   5.600000    ,   62.29416    ,   4.000000    ,   36.18251    ,   1.300000    ,   16.35962    ,  -1.000000    ,   8.004005    ,  0.3000000    ,   3.404904    ,   1.100000    ,   6.369785    ,   1.600000    ,   13.79798    ,   2.400000    ,   24.94092    ,  0.3000000    ,   5.133259    ,   96.10000    ,   172.9749    ,   51.20000    ,   85.56499    ,   30.00000    ,   53.71416    ,   104.0000    ,   261.2769    ,   2.500000    ,   27.97242    ,   1.600000    ,   4.552085    ,   1000.000    ,   1971.123    ,  0.4000000    ,   2.827665    ,   1.800000    ,   34.04195    ,   11.60000    ,   54.85192    ,   3.200000    ,   5.597944    ,   11.10000    ,   16.96457    ,   57.80000    ,   45.83636    ,   2000.000    ,   4809.871    ,  -1.000000    ,   4869.044    ,   1330.000    ,   2559.324    ,   29.40000    ,   40.86752    ,   21.00000    ,   29.05598    ,   62.30000    ,   22.35073    ,   181.0000    ,   120.0420    ,   273.0000    ,   679.1110    ,   81.10000    ,   43.59868    ,   9.900000    ,   10.46644    ,   44.10000    ,   23.35773    ,   11.40000    ,   9.516111    ,   6.600000    ,   12.57142    ,  -1.000000    ,   5980.765    ,  -1.000000    ,   6477.746    ,   58.90000    ,   26.35016    ,
